image_id,target_age,predicted_age_production,predicted_age_best,g
2022_BIAS_HER_GlebiaGdanska_Embedded_Sharpest_FishIndex19_Single2_Left.jpg,6,4,4,2.556748784136076
2022_BIAS_HER_GlebiaGdanska_Embedded_Sharpest_FishIndex25_Single1_Left.jpg,6,8,8,6.183235096636077
2022_BIAS_HER_GlebiaGdanska_Embedded_Sharpest_FishIndex25_Single2_Right.jpg,6,8,8,6.200852471636077
2022_BIAS_HER_GlebiaGdanska_Embedded_Sharpest_FishIndex52_Single1_Left.jpg,3,3,3,1.8496495966360755
2022_BIAS_HER_GlebiaGdanska_Embedded_Sharpest_FishIndex52_Single2_Right.jpg,3,3,3,1.8844796591360755
2022_BIAS_HER_GlebiaGdanska_Embedded_Sharpest_FishIndex54_Single1_Right.jpg,6,7,8,5.631999971636075
2022_BIAS_HER_GlebiaGdanska_Embedded_Sharpest_FishIndex54_Single2_Left.jpg,6,5,5,4.115710784136076
2022_BIAS_HER_GlebiaGdanska_Embedded_Sharpest_FishIndex5_Single1_Right.jpg,3,3,3,2.304776159136076
2022_BIAS_HER_GlebiaGdanska_Embedded_Sharpest_FishIndex5_Single2_Left.jpg,3,4,4,2.7602749091360756
2022_BIAS_HER_GlebiaGdanska_Embedded_Sharpest_FishIndex65_Single1_Right.jpg,7,8,8,6.403800971636075
2022_BIAS_HER_GlebiaGdanska_Embedded_Sharpest_FishIndex65_Single2_Left.jpg,7,7,8,6.031634846636077
2022_BIAS_HER_GlebiaGdanska_Embedded_Sharpest_FishIndex69_Single1_Left.jpg,8,7,8,5.939865659136077
2022_BIAS_HER_GlebiaGdanska_Embedded_Sharpest_FishIndex69_Single2_Right.jpg,8,9,8,7.264967971636077
2022_BIAS_HER_GlebiaGdanska_Embedded_Sharpest_FishIndex72_Single1_Left.jpg,7,4,4,3.1964174091360755
2022_BIAS_HER_GlebiaGdanska_Embedded_Sharpest_FishIndex72_Single2_Right.jpg,7,7,8,5.783376784136076
2022_BIAS_HER_GlebiaGdanska_Embedded_Sharpest_FishIndex76_Single1_Left.jpg,2,3,3,2.050228721636076
2022_BIAS_HER_GlebiaGdanska_Embedded_Sharpest_FishIndex76_Single2_Right.jpg,2,3,3,2.0130061591360753
2022_BIAS_HER_GlebiaGdanska_Embedded_Sharpest_FishIndex85_Single1_Right.jpg,1,0,1,-0.5544671533639244
2022_BIAS_HER_GlebiaGdanska_Embedded_Sharpest_FishIndex85_Single2_Left.jpg,1,3,3,1.9685185341360754
2022_BIAS_HER_KolobrzeskoDarlowskie_Embedded_Sharpest_FishIndex103_Single1_Right.jpg,4,5,5,3.8674786591360752
2022_BIAS_HER_KolobrzeskoDarlowskie_Embedded_Sharpest_FishIndex103_Single2_Left.jpg,4,4,4,3.316603971636076
2022_BIAS_HER_KolobrzeskoDarlowskie_Embedded_Sharpest_FishIndex106_Single1_Left.jpg,0,0,0,-2.826247653363924
2022_BIAS_HER_KolobrzeskoDarlowskie_Embedded_Sharpest_FishIndex106_Single2_Right.jpg,0,0,0,-5.295753653363925
2022_BIAS_HER_KolobrzeskoDarlowskie_Embedded_Sharpest_FishIndex117_Single1_Left.jpg,3,4,3,2.517913596636076
2022_BIAS_HER_KolobrzeskoDarlowskie_Embedded_Sharpest_FishIndex117_Single2_Right.jpg,3,3,3,2.3140032216360757
2022_BIAS_HER_KolobrzeskoDarlowskie_Embedded_Sharpest_FishIndex36_Single1_Right.jpg,3,5,6,4.319331159136076
2022_BIAS_HER_KolobrzeskoDarlowskie_Embedded_Sharpest_FishIndex37_Single1_Left.jpg,4,4,4,2.555737721636076
2022_BIAS_HER_KolobrzeskoDarlowskie_Embedded_Sharpest_FishIndex37_Single2_Right.jpg,4,3,3,2.4373717216360755
2022_BIAS_HER_KolobrzeskoDarlowskie_Embedded_Sharpest_FishIndex45_Single1_Left.jpg,1,1,1,0.5610667841360756
2022_BIAS_HER_KolobrzeskoDarlowskie_Embedded_Sharpest_FishIndex45_Single2_Right.jpg,1,1,1,0.5624218466360755
2022_BIAS_HER_KolobrzeskoDarlowskie_Embedded_Sharpest_FishIndex4_Single1_Right.jpg,3,3,3,2.0369195341360755
2022_BIAS_HER_KolobrzeskoDarlowskie_Embedded_Sharpest_FishIndex4_Single2_Left.jpg,3,3,3,2.4189404091360758
2022_BIAS_HER_KolobrzeskoDarlowskie_Embedded_Sharpest_FishIndex57_Single1_Right.jpg,2,3,3,1.8567972216360755
2022_BIAS_HER_KolobrzeskoDarlowskie_Embedded_Sharpest_FishIndex57_Single2_Left.jpg,2,3,3,2.2701459716360755
2022_BIAS_HER_KolobrzeskoDarlowskie_Embedded_Sharpest_FishIndex5_Single1_Right.jpg,3,3,3,2.4326532841360757
2022_BIAS_HER_KolobrzeskoDarlowskie_Embedded_Sharpest_FishIndex5_Single2_Left.jpg,3,4,4,2.7687874716360756
2022_BIAS_HER_KolobrzeskoDarlowskie_Embedded_Sharpest_FishIndex65_Single1_Left.jpg,0,0,0,-4.889908215863924
2022_BIAS_HER_KolobrzeskoDarlowskie_Embedded_Sharpest_FishIndex70_Single1_Left.jpg,0,0,0,-7.140716778363925
2022_BIAS_HER_KolobrzeskoDarlowskie_Embedded_Sharpest_FishIndex97_Single1_Left.jpg,0,0,0,-7.693443840863924
2022_BIAS_HER_UsteckoLebskie_Embedded_Sharpest_FishIndex18_Single1_Left.jpg,3,3,3,2.2158055341360754
2022_BIAS_HER_UsteckoLebskie_Embedded_Sharpest_FishIndex18_Single2_Right.jpg,3,3,3,2.4306934716360753
2022_BIAS_HER_UsteckoLebskie_Embedded_Sharpest_FishIndex20_Single1_Right.jpg,3,3,3,1.9224962841360753
2022_BIAS_HER_UsteckoLebskie_Embedded_Sharpest_FishIndex20_Single2_Left.jpg,3,3,3,2.4201617216360756
2022_BIAS_HER_UsteckoLebskie_Embedded_Sharpest_FishIndex41_Single2_Right.jpg,3,3,3,2.3133657841360753
2022_BIAS_HER_UsteckoLebskie_Embedded_Sharpest_FishIndex45_Single1_Left.jpg,3,4,4,2.6906416591360753
2022_BIAS_HER_UsteckoLebskie_Embedded_Sharpest_FishIndex45_Single2_Right.jpg,3,4,4,2.5606406591360753
2022_BIAS_HER_UsteckoLebskie_Embedded_Sharpest_FishIndex47_Single1_Left.jpg,4,4,4,2.563393471636075
2022_BIAS_HER_UsteckoLebskie_Embedded_Sharpest_FishIndex47_Single2_Right.jpg,4,3,3,2.3401340341360757
2022_BIAS_HER_UsteckoLebskie_Embedded_Sharpest_FishIndex49_Single1_Right.jpg,2,3,3,1.8438155966360759
2022_BIAS_HER_UsteckoLebskie_Embedded_Sharpest_FishIndex49_Single2_Left.jpg,2,2,2,1.1800379091360758
2022_BIAS_HER_UsteckoLebskie_Embedded_Sharpest_FishIndex50_Single1_Right.jpg,2,3,3,2.030119971636075
2022_BIAS_HER_UsteckoLebskie_Embedded_Sharpest_FishIndex50_Single2_Left.jpg,2,3,3,2.3427799716360753
2022_BIAS_HER_UsteckoLebskie_Embedded_Sharpest_FishIndex5_Single1_Left.jpg,1,4,4,2.5779757216360757
2022_BIAS_HER_UsteckoLebskie_Embedded_Sharpest_FishIndex5_Single2_Right.jpg,1,1,1,0.5343172841360756
2022_BIAS_HER_UsteckoLebskie_Embedded_Sharpest_FishIndex8_Single1_Left.jpg,3,3,3,2.2646356591360752
2022_BIAS_HER_UsteckoLebskie_Embedded_Sharpest_FishIndex8_Single2_Right.jpg,3,3,3,1.8541191591360757
2022_BIAS_HER_UsteckoLebskie_Embedded_Sharpest_FishIndex9_Single1_Left.jpg,5,5,5,4.260899471636076
2022_BIAS_HER_UsteckoLebskie_Embedded_Sharpest_FishIndex9_Single2_Right.jpg,5,5,5,4.253467596636075
2022_BIAS_HER_Wladyslawowskie_Embedded_Sharpest_FishIndex15_Single1_Left.jpg,5,5,4,3.433911596636076
2022_BIAS_HER_Wladyslawowskie_Embedded_Sharpest_FishIndex15_Single2_Right.jpg,5,4,4,3.1671960966360757
2022_BIAS_HER_Wladyslawowskie_Embedded_Sharpest_FishIndex17_Single1_Right.jpg,5,5,5,3.8830314091360756
2022_BIAS_HER_Wladyslawowskie_Embedded_Sharpest_FishIndex17_Single2_Left.jpg,5,4,4,3.1434134716360758
2022_BIAS_HER_Wladyslawowskie_Embedded_Sharpest_FishIndex36_Single1_Left.jpg,3,3,3,1.9293624091360757
2022_BIAS_HER_Wladyslawowskie_Embedded_Sharpest_FishIndex36_Single2_Right.jpg,3,3,3,2.2945105966360755
2022_BIAS_HER_Wladyslawowskie_Embedded_Sharpest_FishIndex44_Single1_Left.jpg,4,3,3,2.076716034136075
2022_BIAS_HER_Wladyslawowskie_Embedded_Sharpest_FishIndex44_Single2_Right.jpg,4,4,4,2.6271565341360756
2022_BIAS_HER_Wladyslawowskie_Embedded_Sharpest_FishIndex45_Single1_Left.jpg,3,3,3,2.2402180966360756
2022_BIAS_HER_Wladyslawowskie_Embedded_Sharpest_FishIndex45_Single2_Right.jpg,3,3,3,1.7645165341360758
2022_BIAS_HER_Wladyslawowskie_Embedded_Sharpest_FishIndex47_Single1_Left.jpg,2,3,3,1.9925249091360757
2022_BIAS_HER_Wladyslawowskie_Embedded_Sharpest_FishIndex47_Single2_Right.jpg,2,4,4,2.8285636591360754
2022_BIAS_HER_Wladyslawowskie_Embedded_Sharpest_FishIndex48_Single1_Left.jpg,8,5,4,3.6224824091360754
2022_BIAS_HER_Wladyslawowskie_Embedded_Sharpest_FishIndex48_Single2_Right.jpg,8,6,6,4.9072718466360765
2022_BIAS_HER_Wladyslawowskie_Embedded_Sharpest_FishIndex50_Single1_Left.jpg,4,0,1,-0.7967988408639246
2022_BIAS_HER_Wladyslawowskie_Embedded_Sharpest_FishIndex51_Single1_Left.jpg,8,7,8,5.690977971636077
2022_BIAS_HER_Wladyslawowskie_Embedded_Sharpest_FishIndex51_Single2_Right.jpg,8,7,7,5.429536846636075
2022_BIAS_HER_Wladyslawowskie_Embedded_Sharpest_FishIndex54_Single1_Right.jpg,3,4,4,3.0764779716360753
2022_BIAS_HER_Wladyslawowskie_Embedded_Sharpest_FishIndex54_Single2_Left.jpg,3,4,4,2.7639967216360755
2022_BIAS_HER_Wladyslawowskie_Embedded_Sharpest_FishIndex6_Single1_Left.jpg,5,4,4,3.200827909136075
2022_BIAS_HER_Wladyslawowskie_Embedded_Sharpest_FishIndex6_Single2_Right.jpg,5,4,4,3.0390796591360756
2022_BIAS_HER_Wladyslawowskie_Embedded_Sharpest_FishIndex7_Single1_Right.jpg,3,3,3,2.3111365341360757
2022_BIAS_HER_Wladyslawowskie_Embedded_Sharpest_FishIndex7_Single2_Left.jpg,3,3,3,2.4785809716360756
2022_BIAS_HER_ZatokaGdanska_Embedded_Sharpest_FishIndex100_Single1_Right.jpg,8,4,4,2.910889659136075
2022_BIAS_HER_ZatokaGdanska_Embedded_Sharpest_FishIndex19_Single1_Left.jpg,1,0,0,-2.540682903363924
2022_BIAS_HER_ZatokaGdanska_Embedded_Sharpest_FishIndex19_Single2_Right.jpg,1,0,0,-3.871515778363925
2022_BIAS_HER_ZatokaGdanska_Embedded_Sharpest_FishIndex24_Single1_Left.jpg,1,5,5,3.9177847216360755
2022_BIAS_HER_ZatokaGdanska_Embedded_Sharpest_FishIndex24_Single2_Right.jpg,1,5,5,3.7477724091360756
2022_BIAS_HER_ZatokaGdanska_Embedded_Sharpest_FishIndex28_Single1_Right.jpg,1,0,0,-6.128839965863924
2022_BIAS_HER_ZatokaGdanska_Embedded_Sharpest_FishIndex28_Single2_Left.jpg,1,0,1,-1.2588767783639245
2022_BIAS_HER_ZatokaGdanska_Embedded_Sharpest_FishIndex34_Single1_Left.jpg,6,2,2,1.5673566591360755
2022_BIAS_HER_ZatokaGdanska_Embedded_Sharpest_FishIndex34_Single2_Right.jpg,6,0,1,-0.025778465863924495
2022_BIAS_HER_ZatokaGdanska_Embedded_Sharpest_FishIndex37_Single1_Left.jpg,3,3,3,2.1881425341360754
2022_BIAS_HER_ZatokaGdanska_Embedded_Sharpest_FishIndex37_Single2_Right.jpg,3,0,1,-0.009998653363924647
2022_BIAS_HER_ZatokaGdanska_Embedded_Sharpest_FishIndex38_Single1_Left.jpg,1,5,5,4.009540596636076
2022_BIAS_HER_ZatokaGdanska_Embedded_Sharpest_FishIndex38_Single2_Right.jpg,1,3,3,1.9227247216360757
2022_BIAS_HER_ZatokaGdanska_Embedded_Sharpest_FishIndex40_Single1_Left.jpg,3,1,1,0.38734753413607553
2022_BIAS_HER_ZatokaGdanska_Embedded_Sharpest_FishIndex40_Single2_Right.jpg,3,3,3,2.1172795341360757
2022_BIAS_HER_ZatokaGdanska_Embedded_Sharpest_FishIndex45_Single1_Left.jpg,5,2,2,1.4280160341360757
2022_BIAS_HER_ZatokaGdanska_Embedded_Sharpest_FishIndex45_Single2_Right.jpg,5,3,3,1.6530794091360754
2022_BIAS_HER_ZatokaGdanska_Embedded_Sharpest_FishIndex49_Single1_Left.jpg,4,6,6,4.420615784136075
2022_BIAS_HER_ZatokaGdanska_Embedded_Sharpest_FishIndex49_Single2_Right.jpg,4,5,5,4.115092346636076
2022_BIAS_HER_ZatokaGdanska_Embedded_Sharpest_FishIndex65_Single1_Right.jpg,4,6,6,4.798408971636076
2022_BIAS_HER_ZatokaGdanska_Embedded_Sharpest_FishIndex65_Single2_Left.jpg,4,6,6,5.022902471636075
2022_BIAS_HER_ZatokaGdanska_Embedded_Sharpest_FishIndex79_Single1_Left.jpg,3,6,6,4.8838558466360755
2022_BIAS_HER_ZatokaGdanska_Embedded_Sharpest_FishIndex84_Single1_Right.jpg,5,9,8,6.987624096636077
2022_BIAS_HER_ZatokaGdanska_Embedded_Sharpest_FishIndex84_Single2_Left.jpg,5,7,8,5.713629784136075
2022_BIAS_HER_ZatokaGdanska_Embedded_Sharpest_FishIndex91_Single1_Left.jpg,6,0,1,-0.5957099658639246
2022_BIAS_HER_ZatokaGdanska_Embedded_Sharpest_FishIndex91_Single2_Right.jpg,6,3,3,1.8865034716360753
2022_BIAS_HER_ZatokaGdanska_Embedded_Sharpest_FishIndex92_Single1_Left.jpg,4,4,4,3.210262534136076
2022_BIAS_HER_ZatokaGdanska_Embedded_Sharpest_FishIndex92_Single2_Right.jpg,4,4,4,2.5345422841360756
2022_BITS4q_HER_GlebiaGdanska_Embedded_Sharpest_FishIndex11_Single1_Right.jpg,3,4,4,2.723097846636075
2022_BITS4q_HER_GlebiaGdanska_Embedded_Sharpest_FishIndex11_Single2_Left.jpg,3,4,4,2.787996159136076
2022_BITS4q_HER_GlebiaGdanska_Embedded_Sharpest_FishIndex22_Single1_Left.jpg,7,6,6,4.879129909136075
2022_BITS4q_HER_GlebiaGdanska_Embedded_Sharpest_FishIndex22_Single2_Right.jpg,7,6,6,4.547974659136076
2022_BITS4q_HER_GlebiaGdanska_Embedded_Sharpest_FishIndex26_Single1_Left.jpg,3,3,3,2.266430784136076
2022_BITS4q_HER_GlebiaGdanska_Embedded_Sharpest_FishIndex26_Single2_Right.jpg,3,4,4,2.574015034136075
2022_BITS4q_HER_GlebiaGdanska_Embedded_Sharpest_FishIndex27_Single1_Left.jpg,5,4,4,3.1882204091360755
2022_BITS4q_HER_GlebiaGdanska_Embedded_Sharpest_FishIndex27_Single2_Right.jpg,5,4,4,2.5412993466360754
2022_BITS4q_HER_GlebiaGdanska_Embedded_Sharpest_FishIndex35_Single1_Right.jpg,5,5,5,4.1557855966360755
2022_BITS4q_HER_GlebiaGdanska_Embedded_Sharpest_FishIndex35_Single2_Left.jpg,5,4,4,3.254440409136075
2022_BITS4q_HER_GlebiaGdanska_Embedded_Sharpest_FishIndex41_Single1_Left.jpg,5,4,4,3.3989439716360756
2022_BITS4q_HER_GlebiaGdanska_Embedded_Sharpest_FishIndex41_Single2_Right.jpg,5,5,5,3.744676659136075
2022_BITS4q_HER_GlebiaGdanska_Embedded_Sharpest_FishIndex47_Single1_Right.jpg,3,3,3,1.7620950341360755
2022_BITS4q_HER_GlebiaGdanska_Embedded_Sharpest_FishIndex47_Single2_Left.jpg,3,1,1,0.5205937216360754
2022_BITS4q_HER_GlebiaGdanska_Embedded_Sharpest_FishIndex56_Single1_Left.jpg,8,7,8,5.788630471636076
2022_BITS4q_HER_GlebiaGdanska_Embedded_Sharpest_FishIndex56_Single2_Right.jpg,8,7,7,5.503112846636076
2022_BITS4q_HER_GlebiaGdanska_Embedded_Sharpest_FishIndex5_Single1_Left.jpg,3,4,4,2.9388842841360754
2022_BITS4q_HER_GlebiaGdanska_Embedded_Sharpest_FishIndex5_Single2_Right.jpg,3,4,4,2.7805579716360755
2022_BITS4q_HER_GlebiaGdanska_Embedded_Sharpest_FishIndex60_Single1_Right.jpg,3,4,4,3.0332364716360756
2022_BITS4q_HER_GlebiaGdanska_Embedded_Sharpest_FishIndex60_Single2_Left.jpg,3,3,3,2.178159784136076
2022_BITS4q_HER_GlebiaGdanska_Embedded_Sharpest_FishIndex6_Single1_Right.jpg,2,3,3,1.8526008466360757
2022_BITS4q_HER_GlebiaGdanska_Embedded_Sharpest_FishIndex6_Single2_Left.jpg,2,3,3,2.0768500966360754
2022_BITS4q_HER_GlebiaGdanska_Embedded_Sharpest_FishIndex76_Single1_Right.jpg,5,4,4,2.869650471636076
2022_BITS4q_HER_GlebiaGdanska_Embedded_Sharpest_FishIndex76_Single2_Left.jpg,5,5,5,3.962662471636076
2022_BITS4q_HER_GlebiaGdanska_Embedded_Sharpest_FishIndex7_Single1_Right.jpg,3,3,3,2.2500329716360756
2022_BITS4q_HER_GlebiaGdanska_Embedded_Sharpest_FishIndex88_Single1_Right.jpg,4,2,2,1.5685547841360759
2022_BITS4q_HER_GlebiaGdanska_Embedded_Sharpest_FishIndex88_Single2_Left.jpg,4,3,3,2.2570825341360754
2022_BITS4q_HER_GotlandzkieS_Embedded_Sharpest_FishIndex17_Single1_Right.jpg,4,4,4,2.9828460966360764
2022_BITS4q_HER_GotlandzkieS_Embedded_Sharpest_FishIndex17_Single2_Left.jpg,4,4,4,2.8914307841360762
2022_BITS4q_HER_GotlandzkieS_Embedded_Sharpest_FishIndex19_Single1_Right.jpg,3,4,4,2.5620824091360754
2022_BITS4q_HER_GotlandzkieS_Embedded_Sharpest_FishIndex19_Single2_Left.jpg,3,3,3,2.2090406591360754
2022_BITS4q_HER_GotlandzkieS_Embedded_Sharpest_FishIndex30_Single1_Left.jpg,5,5,5,3.761657721636076
2022_BITS4q_HER_GotlandzkieS_Embedded_Sharpest_FishIndex30_Single2_Right.jpg,5,5,5,3.642063971636076
2022_BITS4q_HER_GotlandzkieS_Embedded_Sharpest_FishIndex38_Single1_Right.jpg,2,2,2,0.8348074716360754
2022_BITS4q_HER_GotlandzkieS_Embedded_Sharpest_FishIndex38_Single2_Left.jpg,2,2,2,1.507692596636076
2022_BITS4q_HER_GotlandzkieS_Embedded_Sharpest_FishIndex39_Single1_Left.jpg,5,5,4,3.5153769716360745
2022_BITS4q_HER_GotlandzkieS_Embedded_Sharpest_FishIndex39_Single2_Right.jpg,5,5,5,3.741826471636075
2022_BITS4q_HER_GotlandzkieS_Embedded_Sharpest_FishIndex42_Single1_Left.jpg,4,3,3,2.2653162216360756
2022_BITS4q_HER_GotlandzkieS_Embedded_Sharpest_FishIndex42_Single2_Right.jpg,4,4,4,2.9994635341360754
2022_BITS4q_HER_GotlandzkieS_Embedded_Sharpest_FishIndex45_Single1_Right.jpg,3,3,3,2.170009659136076
2022_BITS4q_HER_GotlandzkieS_Embedded_Sharpest_FishIndex45_Single2_Left.jpg,3,4,4,2.718043659136076
2022_BITS4q_HER_GotlandzkieS_Embedded_Sharpest_FishIndex55_Single1_Left.jpg,2,3,3,2.1639499716360757
2022_BITS4q_HER_GotlandzkieS_Embedded_Sharpest_FishIndex55_Single2_Right.jpg,2,3,3,2.3511435966360756
2022_BITS4q_HER_GotlandzkieS_Embedded_Sharpest_FishIndex61_Single1_Left.jpg,3,3,3,1.9537524716360755
2022_BITS4q_HER_GotlandzkieS_Embedded_Sharpest_FishIndex61_Single2_Right.jpg,3,3,3,1.9728335341360752
2022_BITS4q_HER_GotlandzkieS_Embedded_Sharpest_FishIndex7_Single1_Left.jpg,3,3,3,1.8326175341360753
2022_BITS4q_HER_GotlandzkieS_Embedded_Sharpest_FishIndex7_Single2_Right.jpg,3,3,3,1.7322665966360753
2022_BITS4q_HER_GotlandzkieS_Embedded_Sharpest_FishIndex81_Single1_Right.jpg,3,3,3,2.3666887216360752
2022_BITS4q_HER_GotlandzkieS_Embedded_Sharpest_FishIndex81_Single2_Left.jpg,3,3,3,2.1310744091360756
2022_BITS4q_HER_KolobrzeskoDarlowskie_Embedded_Sharpest_FishIndex109_Single1_Right.jpg,6,6,7,5.205567846636076
2022_BITS4q_HER_KolobrzeskoDarlowskie_Embedded_Sharpest_FishIndex109_Single2_Left.jpg,6,6,6,4.798447721636075
2022_BITS4q_HER_KolobrzeskoDarlowskie_Embedded_Sharpest_FishIndex110_Single1_Right.jpg,11,12,13,9.874172221636075
2022_BITS4q_HER_KolobrzeskoDarlowskie_Embedded_Sharpest_FishIndex110_Single2_Left.jpg,11,13,13,10.555404659136077
2022_BITS4q_HER_KolobrzeskoDarlowskie_Embedded_Sharpest_FishIndex116_Single1_Left.jpg,3,3,3,2.4718604716360755
2022_BITS4q_HER_KolobrzeskoDarlowskie_Embedded_Sharpest_FishIndex116_Single2_Right.jpg,3,4,3,2.4920920341360753
2022_BITS4q_HER_KolobrzeskoDarlowskie_Embedded_Sharpest_FishIndex18_Single1_Right.jpg,3,4,4,2.6919007841360756
2022_BITS4q_HER_KolobrzeskoDarlowskie_Embedded_Sharpest_FishIndex18_Single2_Left.jpg,3,4,4,2.7266126591360753
2022_BITS4q_HER_KolobrzeskoDarlowskie_Embedded_Sharpest_FishIndex24_Single1_Right.jpg,4,5,4,3.514574534136076
2022_BITS4q_HER_KolobrzeskoDarlowskie_Embedded_Sharpest_FishIndex24_Single2_Left.jpg,4,4,4,3.1399197841360755
2022_BITS4q_HER_KolobrzeskoDarlowskie_Embedded_Sharpest_FishIndex26_Single1_Left.jpg,1,2,2,1.1041239716360756
2022_BITS4q_HER_KolobrzeskoDarlowskie_Embedded_Sharpest_FishIndex26_Single2_Right.jpg,1,2,2,1.1425555966360754
2022_BITS4q_HER_KolobrzeskoDarlowskie_Embedded_Sharpest_FishIndex42_Single1_Left.jpg,3,2,2,0.8765780966360756
2022_BITS4q_HER_KolobrzeskoDarlowskie_Embedded_Sharpest_FishIndex42_Single2_Right.jpg,3,2,2,1.0846109091360756
2022_BITS4q_HER_KolobrzeskoDarlowskie_Embedded_Sharpest_FishIndex46_Single1_Right.jpg,4,4,4,3.3540154091360757
2022_BITS4q_HER_KolobrzeskoDarlowskie_Embedded_Sharpest_FishIndex46_Single2_Left.jpg,4,5,5,3.6829814716360754
2022_BITS4q_HER_KolobrzeskoDarlowskie_Embedded_Sharpest_FishIndex47_Single1_Right.jpg,4,6,6,4.794633471636076
2022_BITS4q_HER_KolobrzeskoDarlowskie_Embedded_Sharpest_FishIndex47_Single2_Left.jpg,4,6,6,4.457717971636074
2022_BITS4q_HER_KolobrzeskoDarlowskie_Embedded_Sharpest_FishIndex53_Single1_Right.jpg,5,6,6,4.850413409136076
2022_BITS4q_HER_KolobrzeskoDarlowskie_Embedded_Sharpest_FishIndex53_Single2_Left.jpg,5,6,6,4.945151409136076
2022_BITS4q_HER_KolobrzeskoDarlowskie_Embedded_Sharpest_FishIndex55_Single1_Right.jpg,8,7,8,6.081755721636075
2022_BITS4q_HER_KolobrzeskoDarlowskie_Embedded_Sharpest_FishIndex55_Single2_Left.jpg,8,6,6,4.731255471636076
2022_BITS4q_HER_KolobrzeskoDarlowskie_Embedded_Sharpest_FishIndex57_Single1_Right.jpg,0,0,1,-1.0002390283639246
2022_BITS4q_HER_KolobrzeskoDarlowskie_Embedded_Sharpest_FishIndex57_Single2_Left.jpg,0,0,1,-0.02797802836392447
2022_BITS4q_HER_KolobrzeskoDarlowskie_Embedded_Sharpest_FishIndex67_Single1_Left.jpg,0,0,0,-3.6716317158639247
2022_BITS4q_HER_KolobrzeskoDarlowskie_Embedded_Sharpest_FishIndex67_Single2_Right.jpg,0,0,0,-3.315764403363924
2022_BITS4q_HER_KolobrzeskoDarlowskie_Embedded_Sharpest_FishIndex76_Single1_Left.jpg,3,3,3,2.0002512216360753
2022_BITS4q_HER_KolobrzeskoDarlowskie_Embedded_Sharpest_FishIndex76_Single2_Right.jpg,3,2,2,1.5907385966360754
2022_BITS4q_HER_KolobrzeskoDarlowskie_Embedded_Sharpest_FishIndex7_Single1_Left.jpg,0,0,0,-2.2152238408639247
2022_BITS4q_HER_KolobrzeskoDarlowskie_Embedded_Sharpest_FishIndex7_Single2_Right.jpg,0,0,0,-3.3923332783639246
2022_BITS4q_HER_KolobrzeskoDarlowskie_Embedded_Sharpest_FishIndex81_Single1_Right.jpg,5,4,4,3.1809929716360754
2022_BITS4q_HER_KolobrzeskoDarlowskie_Embedded_Sharpest_FishIndex81_Single2_Left.jpg,5,4,4,3.3097554091360752
2022_BITS4q_HER_KolobrzeskoDarlowskie_Embedded_Sharpest_FishIndex86_Single1_Right.jpg,1,0,0,-3.007737090863925
2022_BITS4q_HER_KolobrzeskoDarlowskie_Embedded_Sharpest_FishIndex86_Single2_Left.jpg,1,0,0,-2.6526399658639246
2022_BITS4q_HER_LawicaSrodkowa_Embedded_Sharpest_FishIndex10_Single1_Left.jpg,3,3,3,2.4079321591360756
2022_BITS4q_HER_LawicaSrodkowa_Embedded_Sharpest_FishIndex10_Single2_Right.jpg,3,4,4,2.804416096636076
2022_BITS4q_HER_LawicaSrodkowa_Embedded_Sharpest_FishIndex20_Single1_Left.jpg,3,3,3,1.9627060341360751
2022_BITS4q_HER_LawicaSrodkowa_Embedded_Sharpest_FishIndex20_Single2_Right.jpg,3,4,3,2.5142459716360754
2022_BITS4q_HER_LawicaSrodkowa_Embedded_Sharpest_FishIndex27_Single1_Right.jpg,3,4,4,2.644791909136076
2022_BITS4q_HER_LawicaSrodkowa_Embedded_Sharpest_FishIndex27_Single2_Left.jpg,3,3,3,1.9091147841360758
2022_BITS4q_HER_LawicaSrodkowa_Embedded_Sharpest_FishIndex2_Single1_Right.jpg,1,0,1,-0.3411982158639245
2022_BITS4q_HER_LawicaSrodkowa_Embedded_Sharpest_FishIndex2_Single2_Left.jpg,1,0,0,-1.7590702783639245
2022_BITS4q_HER_LawicaSrodkowa_Embedded_Sharpest_FishIndex35_Single1_Left.jpg,5,5,5,4.079098221636076
2022_BITS4q_HER_LawicaSrodkowa_Embedded_Sharpest_FishIndex35_Single2_Right.jpg,5,5,5,4.169000971636075
2022_BITS4q_HER_LawicaSrodkowa_Embedded_Sharpest_FishIndex3_Single1_Right.jpg,3,3,3,2.200729471636075
2022_BITS4q_HER_LawicaSrodkowa_Embedded_Sharpest_FishIndex3_Single2_Left.jpg,3,3,3,1.8879869091360757
2022_BITS4q_HER_LawicaSrodkowa_Embedded_Sharpest_FishIndex4_Single1_Right.jpg,3,4,4,2.5310206591360758
2022_BITS4q_HER_LawicaSrodkowa_Embedded_Sharpest_FishIndex4_Single2_Left.jpg,3,3,3,2.007330659136075
2022_BITS4q_HER_LawicaSrodkowa_Embedded_Sharpest_FishIndex51_Single1_Right.jpg,6,5,5,4.106149096636076
2022_BITS4q_HER_LawicaSrodkowa_Embedded_Sharpest_FishIndex51_Single2_Left.jpg,6,5,5,3.983617784136076
2022_BITS4q_HER_RynnaSlupska_Embedded_Sharpest_FishIndex14_Single1_Right.jpg,7,6,6,4.945703471636076
2022_BITS4q_HER_RynnaSlupska_Embedded_Sharpest_FishIndex14_Single2_Left.jpg,7,6,6,4.583586784136075
2022_BITS4q_HER_RynnaSlupska_Embedded_Sharpest_FishIndex19_Single1_Left.jpg,4,4,3,2.5146030341360754
2022_BITS4q_HER_RynnaSlupska_Embedded_Sharpest_FishIndex19_Single2_Right.jpg,4,4,4,3.1716337216360753
2022_BITS4q_HER_RynnaSlupska_Embedded_Sharpest_FishIndex22_Single1_Left.jpg,8,6,6,4.696042471636075
2022_BITS4q_HER_RynnaSlupska_Embedded_Sharpest_FishIndex22_Single2_Right.jpg,8,5,5,4.271948409136076
2022_BITS4q_HER_RynnaSlupska_Embedded_Sharpest_FishIndex3_Single1_Left.jpg,3,4,4,2.9993986591360753
2022_BITS4q_HER_RynnaSlupska_Embedded_Sharpest_FishIndex3_Single2_Right.jpg,3,4,4,2.708598971636076
2022_BITS4q_HER_Wladyslawowskie_Embedded_Sharpest_FishIndex107_Single1_Left.jpg,9,10,11,7.804386971636075
2022_BITS4q_HER_Wladyslawowskie_Embedded_Sharpest_FishIndex115_Single1_Right.jpg,6,5,5,4.072785846636076
2022_BITS4q_HER_Wladyslawowskie_Embedded_Sharpest_FishIndex115_Single2_Left.jpg,6,6,6,4.543908971636075
2022_BITS4q_HER_Wladyslawowskie_Embedded_Sharpest_FishIndex11_Single1_Right.jpg,1,0,1,-0.07404415336392446
2022_BITS4q_HER_Wladyslawowskie_Embedded_Sharpest_FishIndex11_Single2_Left.jpg,1,2,2,0.9694059716360756
2022_BITS4q_HER_Wladyslawowskie_Embedded_Sharpest_FishIndex13_Single1_Left.jpg,3,3,3,2.139792034136076
2022_BITS4q_HER_Wladyslawowskie_Embedded_Sharpest_FishIndex13_Single2_Right.jpg,3,3,3,2.131501471636075
2022_BITS4q_HER_Wladyslawowskie_Embedded_Sharpest_FishIndex27_Single1_Left.jpg,7,8,8,6.611309471636075
2022_BITS4q_HER_Wladyslawowskie_Embedded_Sharpest_FishIndex27_Single2_Right.jpg,7,5,5,3.7095079716360755
2022_BITS4q_HER_Wladyslawowskie_Embedded_Sharpest_FishIndex32_Single1_Left.jpg,5,4,4,3.131726096636076
2022_BITS4q_HER_Wladyslawowskie_Embedded_Sharpest_FishIndex32_Single2_Right.jpg,5,4,4,2.9048360966360756
2022_BITS4q_HER_Wladyslawowskie_Embedded_Sharpest_FishIndex40_Single1_Left.jpg,2,3,3,2.379058784136076
2022_BITS4q_HER_Wladyslawowskie_Embedded_Sharpest_FishIndex40_Single2_Right.jpg,2,4,4,3.259795596636075
2022_BITS4q_HER_Wladyslawowskie_Embedded_Sharpest_FishIndex61_Single1_Right.jpg,0,0,0,-4.721974903363924
2022_BITS4q_HER_Wladyslawowskie_Embedded_Sharpest_FishIndex61_Single2_Left.jpg,0,0,0,-2.4182684658639246
2022_BITS4q_HER_Wladyslawowskie_Embedded_Sharpest_FishIndex64_Single1_Right.jpg,1,2,2,1.3062809091360754
2022_BITS4q_HER_Wladyslawowskie_Embedded_Sharpest_FishIndex64_Single2_Left.jpg,1,1,1,0.4102468466360756
2022_BITS4q_HER_Wladyslawowskie_Embedded_Sharpest_FishIndex77_Single1_Left.jpg,1,1,1,0.6577628466360754
2022_BITS4q_HER_Wladyslawowskie_Embedded_Sharpest_FishIndex77_Single2_Right.jpg,1,2,2,1.0428460341360757
2022_BITS4q_HER_Wladyslawowskie_Embedded_Sharpest_FishIndex92_Single1_Right.jpg,10,7,8,5.706418471636074
2022_BITS4q_HER_Wladyslawowskie_Embedded_Sharpest_FishIndex92_Single2_Left.jpg,10,9,8,7.275529846636075
2022_BITS4q_HER_Wladyslawowskie_Embedded_Sharpest_FishIndex9_Single1_Left.jpg,5,5,5,3.8104267841360757
2022_BITS4q_HER_Wladyslawowskie_Embedded_Sharpest_FishIndex9_Single2_Right.jpg,5,5,5,3.6487417216360756
2022_BITS4q_HER_ZatokaGdanska_Embedded_Sharpest_FishIndex10_Single1_Right.jpg,3,3,3,2.226790909136076
2022_BITS4q_HER_ZatokaGdanska_Embedded_Sharpest_FishIndex10_Single2_Left.jpg,3,3,3,2.440766784136075
2022_BITS4q_HER_ZatokaGdanska_Embedded_Sharpest_FishIndex113_Single1_Right.jpg,0,0,0,-6.7169742783639235
2022_BITS4q_HER_ZatokaGdanska_Embedded_Sharpest_FishIndex113_Single2_Left.jpg,0,0,0,-6.3372714658639255
2022_BITS4q_HER_ZatokaGdanska_Embedded_Sharpest_FishIndex116_Single1_Left.jpg,0,0,0,-5.927205528363924
2022_BITS4q_HER_ZatokaGdanska_Embedded_Sharpest_FishIndex116_Single2_Right.jpg,0,0,0,-3.6100891533639237
2022_BITS4q_HER_ZatokaGdanska_Embedded_Sharpest_FishIndex121_Single1_Right.jpg,0,0,0,-2.6075425283639246
2022_BITS4q_HER_ZatokaGdanska_Embedded_Sharpest_FishIndex130_Single1_Left.jpg,0,0,0,-1.8544900908639246
2022_BITS4q_HER_ZatokaGdanska_Embedded_Sharpest_FishIndex130_Single2_Right.jpg,0,0,0,-2.6703342783639243
2022_BITS4q_HER_ZatokaGdanska_Embedded_Sharpest_FishIndex137_Single1_Left.jpg,5,8,8,6.114957846636076
2022_BITS4q_HER_ZatokaGdanska_Embedded_Sharpest_FishIndex137_Single2_Right.jpg,5,8,8,6.136601471636076
2022_BITS4q_HER_ZatokaGdanska_Embedded_Sharpest_FishIndex15_Single1_Left.jpg,5,4,4,3.090868221636076
2022_BITS4q_HER_ZatokaGdanska_Embedded_Sharpest_FishIndex15_Single2_Right.jpg,5,5,4,3.473032534136075
2022_BITS4q_HER_ZatokaGdanska_Embedded_Sharpest_FishIndex21_Single1_Right.jpg,4,4,4,3.0124187216360747
2022_BITS4q_HER_ZatokaGdanska_Embedded_Sharpest_FishIndex21_Single2_Left.jpg,4,4,4,3.2064279091360754
2022_BITS4q_HER_ZatokaGdanska_Embedded_Sharpest_FishIndex38_Single1_Left.jpg,3,5,4,3.432020721636076
2022_BITS4q_HER_ZatokaGdanska_Embedded_Sharpest_FishIndex38_Single2_Right.jpg,3,4,4,2.804640721636076
2022_BITS4q_HER_ZatokaGdanska_Embedded_Sharpest_FishIndex44_Single1_Left.jpg,6,6,6,4.844987471636076
2022_BITS4q_HER_ZatokaGdanska_Embedded_Sharpest_FishIndex44_Single2_Right.jpg,6,5,5,4.174401784136076
2022_BITS4q_HER_ZatokaGdanska_Embedded_Sharpest_FishIndex48_Single1_Left.jpg,0,0,0,-4.215807903363924
2022_BITS4q_HER_ZatokaGdanska_Embedded_Sharpest_FishIndex48_Single2_Right.jpg,0,0,1,-0.5264000908639245
2022_BITS4q_HER_ZatokaGdanska_Embedded_Sharpest_FishIndex71_Single1_Left.jpg,8,7,8,5.646289846636076
2022_BITS4q_HER_ZatokaGdanska_Embedded_Sharpest_FishIndex71_Single2_Right.jpg,8,8,8,6.312633471636075
2022_BITS4q_HER_ZatokaGdanska_Embedded_Sharpest_FishIndex7_Single1_Left.jpg,3,3,3,1.9494369091360753
2022_BITS4q_HER_ZatokaGdanska_Embedded_Sharpest_FishIndex7_Single2_Right.jpg,3,2,2,1.5507764091360756
2022_BITS4q_HER_ZatokaGdanska_Embedded_Sharpest_FishIndex87_Single1_Right.jpg,6,6,6,4.902383409136076
2022_BITS4q_HER_ZatokaGdanska_Embedded_Sharpest_FishIndex87_Single2_Left.jpg,6,6,6,4.817116346636075
2022_BITS4q_HER_ZatokaGdanska_Embedded_Sharpest_FishIndex96_Single1_Right.jpg,5,5,5,3.690964471636076
2022_BITS4q_HER_ZatokaGdanska_Embedded_Sharpest_FishIndex96_Single2_Left.jpg,5,5,5,3.6388144091360752
2022_BITS4q_HER_ZatokaGdanska_Embedded_Sharpest_FishIndex9_Single1_Left.jpg,4,4,4,2.8371944716360753
2022_BITS4q_HER_ZatokaGdanska_Embedded_Sharpest_FishIndex9_Single2_Right.jpg,4,4,4,2.979696346636075
2023_BIAS_HER_GlebiaGdanska_Embedded_Sharpest_FishIndex14_Single1_Left.jpg,4,5,4,3.4723549091360755
2023_BIAS_HER_GlebiaGdanska_Embedded_Sharpest_FishIndex19_Single1_Left.jpg,6,7,8,5.621213471636077
2023_BIAS_HER_GlebiaGdanska_Embedded_Sharpest_FishIndex19_Single2_Right.jpg,6,7,8,5.785398471636076
2023_BIAS_HER_GlebiaGdanska_Embedded_Sharpest_FishIndex23_Single1_Right.jpg,4,4,4,2.779553471636076
2023_BIAS_HER_GlebiaGdanska_Embedded_Sharpest_FishIndex23_Single2_Left.jpg,4,4,4,2.772668596636075
2023_BIAS_HER_GlebiaGdanska_Embedded_Sharpest_FishIndex27_Single1_Left.jpg,4,4,4,2.6246647841360757
2023_BIAS_HER_GlebiaGdanska_Embedded_Sharpest_FishIndex27_Single2_Right.jpg,4,4,4,3.2158136591360753
2023_BIAS_HER_GlebiaGdanska_Embedded_Sharpest_FishIndex44_Single1_Left.jpg,3,3,3,2.2328534716360755
2023_BIAS_HER_GlebiaGdanska_Embedded_Sharpest_FishIndex44_Single2_Right.jpg,3,3,3,2.464919846636075
2023_BIAS_HER_GlebiaGdanska_Embedded_Sharpest_FishIndex47_Single1_Left.jpg,2,3,3,1.9621372216360755
2023_BIAS_HER_GlebiaGdanska_Embedded_Sharpest_FishIndex47_Single2_Right.jpg,2,2,2,1.0454915341360755
2023_BIAS_HER_GlebiaGdanska_Embedded_Sharpest_FishIndex4_Single1_Left.jpg,4,4,4,2.893227596636075
2023_BIAS_HER_GlebiaGdanska_Embedded_Sharpest_FishIndex4_Single2_Right.jpg,4,3,3,2.4137934091360758
2023_BIAS_HER_GlebiaGdanska_Embedded_Sharpest_FishIndex55_Single1_Left.jpg,7,6,6,5.020804471636076
2023_BIAS_HER_GlebiaGdanska_Embedded_Sharpest_FishIndex58_Single1_Left.jpg,2,3,3,1.8602704716360758
2023_BIAS_HER_GlebiaGdanska_Embedded_Sharpest_FishIndex58_Single2_Right.jpg,2,1,1,0.5772737216360755
2023_BIAS_HER_GlebiaGdanska_Embedded_Sharpest_FishIndex66_Single1_Left.jpg,8,9,8,7.020641846636076
2023_BIAS_HER_GlebiaGdanska_Embedded_Sharpest_FishIndex66_Single2_Right.jpg,8,10,13,8.535359409136076
2023_BIAS_HER_KolobrzeskoDarlowskie_Embedded_Sharpest_FishIndex13_Single1_Right.jpg,0,0,0,-6.414982215863925
2023_BIAS_HER_KolobrzeskoDarlowskie_Embedded_Sharpest_FishIndex13_Single2_Left.jpg,0,0,0,-4.566588340863924
2023_BIAS_HER_KolobrzeskoDarlowskie_Embedded_Sharpest_FishIndex17_Single1_Right.jpg,0,0,0,-2.898471278363924
2023_BIAS_HER_KolobrzeskoDarlowskie_Embedded_Sharpest_FishIndex17_Single2_Left.jpg,0,0,0,-5.131614090863925
2023_BIAS_HER_KolobrzeskoDarlowskie_Embedded_Sharpest_FishIndex25_Single1_Left.jpg,0,0,0,-4.173771840863925
2023_BIAS_HER_KolobrzeskoDarlowskie_Embedded_Sharpest_FishIndex25_Single2_Right.jpg,0,0,0,-5.585548590863924
2023_BIAS_HER_KolobrzeskoDarlowskie_Embedded_Sharpest_FishIndex31_Single1_Right.jpg,0,0,0,-5.772615403363924
2023_BIAS_HER_KolobrzeskoDarlowskie_Embedded_Sharpest_FishIndex31_Single2_Left.jpg,0,0,0,-6.627333028363925
2023_BIAS_HER_KolobrzeskoDarlowskie_Embedded_Sharpest_FishIndex58_Single1_Left.jpg,1,2,2,1.1418124091360753
2023_BIAS_HER_KolobrzeskoDarlowskie_Embedded_Sharpest_FishIndex59_Single1_Left.jpg,3,4,4,2.9689768466360755
2023_BIAS_HER_KolobrzeskoDarlowskie_Embedded_Sharpest_FishIndex59_Single2_Right.jpg,3,3,3,2.3227677841360754
2023_BIAS_HER_KolobrzeskoDarlowskie_Embedded_Sharpest_FishIndex69_Single1_Left.jpg,4,5,4,3.5829904716360756
2023_BIAS_HER_KolobrzeskoDarlowskie_Embedded_Sharpest_FishIndex69_Single2_Right.jpg,4,5,5,3.637919909136075
2023_BIAS_HER_KolobrzeskoDarlowskie_Embedded_Sharpest_FishIndex6_Single1_Left.jpg,0,0,0,-5.645991840863925
2023_BIAS_HER_KolobrzeskoDarlowskie_Embedded_Sharpest_FishIndex6_Single2_Right.jpg,0,0,0,-5.771043715863923
2023_BIAS_HER_RynnaSlupska_Embedded_Sharpest_FishIndex10_Single1_Left.jpg,3,5,5,3.7793384091360753
2023_BIAS_HER_RynnaSlupska_Embedded_Sharpest_FishIndex10_Single2_Right.jpg,3,4,4,3.288939909136076
2023_BIAS_HER_RynnaSlupska_Embedded_Sharpest_FishIndex11_Single1_Left.jpg,8,8,8,6.861974784136074
2023_BIAS_HER_RynnaSlupska_Embedded_Sharpest_FishIndex11_Single2_Right.jpg,8,7,7,5.5589141591360764
2023_BIAS_HER_RynnaSlupska_Embedded_Sharpest_FishIndex12_Single1_Right.jpg,5,4,4,2.904599659136075
2023_BIAS_HER_RynnaSlupska_Embedded_Sharpest_FishIndex12_Single2_Left.jpg,5,5,5,3.685306409136075
2023_BIAS_HER_RynnaSlupska_Embedded_Sharpest_FishIndex17_Single1_Right.jpg,2,3,3,2.277454659136076
2023_BIAS_HER_RynnaSlupska_Embedded_Sharpest_FishIndex17_Single2_Left.jpg,2,3,3,2.2523355341360753
2023_BIAS_HER_RynnaSlupska_Embedded_Sharpest_FishIndex23_Single1_Left.jpg,6,8,8,6.226562471636075
2023_BIAS_HER_RynnaSlupska_Embedded_Sharpest_FishIndex23_Single2_Right.jpg,6,5,5,4.230815471636075
2023_BIAS_HER_RynnaSlupska_Embedded_Sharpest_FishIndex26_Single1_Left.jpg,4,4,4,2.8507451591360757
2023_BIAS_HER_RynnaSlupska_Embedded_Sharpest_FishIndex26_Single2_Right.jpg,4,4,4,2.6485161591360753
2023_BIAS_HER_RynnaSlupska_Embedded_Sharpest_FishIndex35_Single1_Left.jpg,1,1,1,0.31505465913607555
2023_BIAS_HER_RynnaSlupska_Embedded_Sharpest_FishIndex35_Single2_Right.jpg,1,1,1,0.46473822163607537
2023_BIAS_HER_RynnaSlupska_Embedded_Sharpest_FishIndex41_Single1_Left.jpg,2,3,3,1.6737907841360757
2023_BIAS_HER_RynnaSlupska_Embedded_Sharpest_FishIndex41_Single2_Right.jpg,2,3,3,2.3696527216360757
2023_BIAS_HER_RynnaSlupska_Embedded_Sharpest_FishIndex43_Single1_Left.jpg,2,2,2,1.4958094716360752
2023_BIAS_HER_RynnaSlupska_Embedded_Sharpest_FishIndex43_Single2_Right.jpg,2,2,2,1.1246251591360754
2023_BIAS_HER_RynnaSlupska_Embedded_Sharpest_FishIndex54_Single1_Right.jpg,4,5,6,4.312893471636076
2023_BIAS_HER_RynnaSlupska_Embedded_Sharpest_FishIndex54_Single2_Left.jpg,4,5,5,4.194399471636076
2023_BIAS_HER_RynnaSlupska_Embedded_Sharpest_FishIndex61_Single1_Left.jpg,4,4,4,2.9885687841360755
2023_BIAS_HER_RynnaSlupska_Embedded_Sharpest_FishIndex61_Single2_Right.jpg,4,4,4,3.144419221636076
2023_BIAS_HER_RynnaSlupska_Embedded_Sharpest_FishIndex6_Single1_Right.jpg,3,3,3,2.0163834716360753
2023_BIAS_HER_RynnaSlupska_Embedded_Sharpest_FishIndex6_Single2_Left.jpg,3,2,2,1.5740749091360753
2023_BIAS_HER_RynnaSlupska_Embedded_Sharpest_FishIndex78_Single1_Right.jpg,0,0,0,-4.013814965863925
2023_BIAS_HER_RynnaSlupska_Embedded_Sharpest_FishIndex78_Single2_Left.jpg,0,0,0,-4.492249465863925
2023_BIAS_HER_RynnaSlupska_Embedded_Sharpest_FishIndex7_Single1_Right.jpg,4,5,5,3.6446909091360755
2023_BIAS_HER_RynnaSlupska_Embedded_Sharpest_FishIndex7_Single2_Left.jpg,4,4,4,3.390338971636076
2023_BIAS_HER_RynnaSlupska_Embedded_Sharpest_FishIndex82_Single1_Left.jpg,4,6,6,4.4387684716360765
2023_BIAS_HER_RynnaSlupska_Embedded_Sharpest_FishIndex82_Single2_Right.jpg,4,5,5,3.718533659136076
2023_BIAS_HER_RynnaSlupska_Embedded_Sharpest_FishIndex83_Single1_Left.jpg,0,0,0,-6.571038715863925
2023_BIAS_HER_RynnaSlupska_Embedded_Sharpest_FishIndex87_Single1_Left.jpg,0,0,0,-1.9808481533639246
2023_BIAS_HER_RynnaSlupska_Embedded_Sharpest_FishIndex87_Single2_Right.jpg,0,0,0,-6.968072028363924
2023_BIAS_HER_RynnaSlupska_Embedded_Sharpest_FishIndex94_Single1_Left.jpg,0,0,0,-6.734529965863924
2023_BIAS_HER_RynnaSlupska_Embedded_Sharpest_FishIndex94_Single2_Right.jpg,0,0,0,-3.2805537783639243
2023_BIAS_HER_RynnaSlupska_Embedded_Sharpest_FishIndex98_Single1_Left.jpg,1,0,1,-0.10879077836392452
2023_BIAS_HER_RynnaSlupska_Embedded_Sharpest_FishIndex98_Single2_Right.jpg,1,0,1,-0.4122873408639245
2023_BIAS_HER_UsteckoLebskie_Embedded_Sharpest_FishIndex21_Single1_Right.jpg,5,4,4,2.870193471636076
2023_BIAS_HER_UsteckoLebskie_Embedded_Sharpest_FishIndex21_Single2_Left.jpg,5,4,4,2.813217096636076
2023_BIAS_HER_UsteckoLebskie_Embedded_Sharpest_FishIndex31_Single1_Left.jpg,2,1,1,0.5994119716360754
2023_BIAS_HER_UsteckoLebskie_Embedded_Sharpest_FishIndex31_Single2_Right.jpg,2,3,3,1.7893266591360755
2023_BIAS_HER_UsteckoLebskie_Embedded_Sharpest_FishIndex34_Single1_Right.jpg,4,3,3,1.8716959091360754
2023_BIAS_HER_UsteckoLebskie_Embedded_Sharpest_FishIndex34_Single2_Left.jpg,4,3,3,2.1743726591360755
2023_BIAS_HER_UsteckoLebskie_Embedded_Sharpest_FishIndex35_Single1_Right.jpg,2,2,2,1.5029684091360753
2023_BIAS_HER_UsteckoLebskie_Embedded_Sharpest_FishIndex35_Single2_Left.jpg,2,3,3,1.6328009716360756
2023_BIAS_HER_UsteckoLebskie_Embedded_Sharpest_FishIndex41_Single1_Right.jpg,3,3,3,2.2115893466360754
2023_BIAS_HER_UsteckoLebskie_Embedded_Sharpest_FishIndex41_Single2_Left.jpg,3,3,3,2.1734079091360754
2023_BIAS_HER_UsteckoLebskie_Embedded_Sharpest_FishIndex42_Single1_Left.jpg,4,4,4,2.9563388466360756
2023_BIAS_HER_UsteckoLebskie_Embedded_Sharpest_FishIndex42_Single2_Right.jpg,4,4,4,3.3355276591360754
2023_BIAS_HER_UsteckoLebskie_Embedded_Sharpest_FishIndex4_Single1_Right.jpg,1,0,1,-0.09195121586392445
2023_BIAS_HER_UsteckoLebskie_Embedded_Sharpest_FishIndex4_Single2_Left.jpg,1,0,1,-0.4252634033639246
2023_BIAS_HER_UsteckoLebskie_Embedded_Sharpest_FishIndex52_Single1_Left.jpg,3,3,3,2.3474503466360757
2023_BIAS_HER_UsteckoLebskie_Embedded_Sharpest_FishIndex52_Single2_Right.jpg,3,4,4,2.8712331591360756
2023_BIAS_HER_UsteckoLebskie_Embedded_Sharpest_FishIndex53_Single1_Left.jpg,2,2,2,1.577837534136076
2023_BIAS_HER_UsteckoLebskie_Embedded_Sharpest_FishIndex53_Single2_Right.jpg,2,3,3,2.300682596636075
2023_BIAS_HER_UsteckoLebskie_Embedded_Sharpest_FishIndex58_Single1_Right.jpg,9,11,13,9.233386971636076
2023_BIAS_HER_UsteckoLebskie_Embedded_Sharpest_FishIndex6_Single1_Right.jpg,2,2,2,1.0502331591360754
2023_BIAS_HER_UsteckoLebskie_Embedded_Sharpest_FishIndex6_Single2_Left.jpg,2,2,2,1.2810134716360753
2023_BIAS_HER_Wladyslawowskie_Embedded_Sharpest_FishIndex11_Single1_Left.jpg,4,4,4,2.974499721636076
2023_BIAS_HER_Wladyslawowskie_Embedded_Sharpest_FishIndex11_Single2_Right.jpg,4,4,4,3.3061178466360754
2023_BIAS_HER_Wladyslawowskie_Embedded_Sharpest_FishIndex19_Single1_Right.jpg,4,3,3,2.096606346636076
2023_BIAS_HER_Wladyslawowskie_Embedded_Sharpest_FishIndex19_Single2_Left.jpg,4,3,3,2.4031486591360753
2023_BIAS_HER_Wladyslawowskie_Embedded_Sharpest_FishIndex22_Single1_Right.jpg,5,4,4,3.128143409136076
2023_BIAS_HER_Wladyslawowskie_Embedded_Sharpest_FishIndex22_Single2_Left.jpg,5,5,4,3.4467024091360754
2023_BIAS_HER_Wladyslawowskie_Embedded_Sharpest_FishIndex24_Single1_Right.jpg,10,10,11,7.909512471636075
2023_BIAS_HER_Wladyslawowskie_Embedded_Sharpest_FishIndex24_Single2_Left.jpg,10,9,9,7.538747846636075
2023_BIAS_HER_Wladyslawowskie_Embedded_Sharpest_FishIndex26_Single1_Right.jpg,4,4,4,3.1990879091360758
2023_BIAS_HER_Wladyslawowskie_Embedded_Sharpest_FishIndex26_Single2_Left.jpg,4,4,4,3.3461304716360756
2023_BIAS_HER_Wladyslawowskie_Embedded_Sharpest_FishIndex31_Single1_Right.jpg,3,4,4,3.1144534091360754
2023_BIAS_HER_Wladyslawowskie_Embedded_Sharpest_FishIndex31_Single2_Left.jpg,3,3,3,2.0183135966360752
2023_BIAS_HER_Wladyslawowskie_Embedded_Sharpest_FishIndex48_Single1_Right.jpg,0,0,0,-1.9275433408639244
2023_BIAS_HER_Wladyslawowskie_Embedded_Sharpest_FishIndex48_Single2_Left.jpg,0,0,0,-5.960266278363925
2023_BIAS_HER_Wladyslawowskie_Embedded_Sharpest_FishIndex55_Single1_Left.jpg,0,0,0,-6.602955778363924
2023_BIAS_HER_Wladyslawowskie_Embedded_Sharpest_FishIndex55_Single2_Right.jpg,0,0,0,-5.991113465863926
2023_BIAS_HER_Wladyslawowskie_Embedded_Sharpest_FishIndex65_Single1_Left.jpg,1,1,1,0.5423015341360755
2023_BIAS_HER_Wladyslawowskie_Embedded_Sharpest_FishIndex65_Single2_Right.jpg,1,0,1,-0.18748002836392447
2023_BIAS_HER_Wladyslawowskie_Embedded_Sharpest_FishIndex67_Single2_Right.jpg,4,5,5,3.670472034136075
2023_BIAS_HER_Wladyslawowskie_Embedded_Sharpest_FishIndex80_Single1_Left.jpg,2,2,2,1.4791884091360759
2023_BIAS_HER_Wladyslawowskie_Embedded_Sharpest_FishIndex80_Single2_Right.jpg,2,2,2,1.5488064716360754
2023_BIAS_HER_Wladyslawowskie_Embedded_Sharpest_FishIndex86_Single1_Right.jpg,8,7,7,5.334749784136075
2023_BIAS_HER_Wladyslawowskie_Embedded_Sharpest_FishIndex86_Single2_Left.jpg,8,8,8,6.137810784136074
2023_BIAS_HER_Wladyslawowskie_Embedded_Sharpest_FishIndex98_Single1_Left.jpg,8,7,7,5.399233846636076
2023_BIAS_HER_Wladyslawowskie_Embedded_Sharpest_FishIndex98_Single2_Right.jpg,8,8,8,6.317946471636076
2023_BIAS_HER_Wladyslawowskie_Embedded_Sharpest_FishIndex9_Single1_Right.jpg,4,3,3,2.361134471636076
2023_BIAS_HER_Wladyslawowskie_Embedded_Sharpest_FishIndex9_Single2_Left.jpg,4,3,3,1.8602829716360758
2023_BIAS_HER_ZatokaGdanska_Embedded_Sharpest_FishIndex14_Single1_Left.jpg,4,4,4,3.0892567841360754
2023_BIAS_HER_ZatokaGdanska_Embedded_Sharpest_FishIndex14_Single2_Right.jpg,4,3,3,2.0617999716360753
2023_BIAS_HER_ZatokaGdanska_Embedded_Sharpest_FishIndex30_Single1_Right.jpg,8,6,6,4.343253971636075
2023_BIAS_HER_ZatokaGdanska_Embedded_Sharpest_FishIndex30_Single2_Left.jpg,8,6,6,4.817303784136075
2023_BIAS_HER_ZatokaGdanska_Embedded_Sharpest_FishIndex35_Single1_Right.jpg,7,7,7,5.2960724716360765
2023_BIAS_HER_ZatokaGdanska_Embedded_Sharpest_FishIndex35_Single2_Left.jpg,7,7,7,5.348282409136076
2023_BIAS_HER_ZatokaGdanska_Embedded_Sharpest_FishIndex43_Single1_Left.jpg,4,5,4,3.5317209716360756
2023_BIAS_HER_ZatokaGdanska_Embedded_Sharpest_FishIndex43_Single2_Right.jpg,4,3,3,2.2568182841360755
2023_BIAS_HER_ZatokaGdanska_Embedded_Sharpest_FishIndex49_Single1_Right.jpg,4,5,5,3.8101264091360756
2023_BIAS_HER_ZatokaGdanska_Embedded_Sharpest_FishIndex49_Single2_Left.jpg,4,4,4,2.971435721636076
2023_BIAS_HER_ZatokaGdanska_Embedded_Sharpest_FishIndex67_Single1_Right.jpg,3,3,3,2.3509779716360755
2023_BIAS_HER_ZatokaGdanska_Embedded_Sharpest_FishIndex67_Single2_Left.jpg,3,4,4,2.6391324716360756
2023_BIAS_HER_ZatokaGdanska_Embedded_Sharpest_FishIndex78_Single1_Left.jpg,1,3,3,1.7779995966360755
2023_BIAS_HER_ZatokaGdanska_Embedded_Sharpest_FishIndex78_Single2_Right.jpg,1,2,2,1.3347854716360756
2023_BITS1q_HER_GlebiaGdanskaE_Embedded_Sharpest_FishIndex13_Single1_Left.jpg,7,6,6,4.858674471636076
2023_BITS1q_HER_GlebiaGdanskaE_Embedded_Sharpest_FishIndex13_Single2_Right.jpg,7,6,6,4.800299721636075
2023_BITS1q_HER_GlebiaGdanskaE_Embedded_Sharpest_FishIndex17_Single1_Right.jpg,8,8,8,6.233663971636075
2023_BITS1q_HER_GlebiaGdanskaE_Embedded_Sharpest_FishIndex17_Single2_Left.jpg,8,7,8,6.009542471636076
2023_BITS1q_HER_GlebiaGdanskaE_Embedded_Sharpest_FishIndex2_Single1_Right.jpg,4,4,4,2.5504498466360754
2023_BITS1q_HER_GlebiaGdanskaE_Embedded_Sharpest_FishIndex2_Single2_Left.jpg,4,3,3,2.1462874091360753
2023_BITS1q_HER_GlebiaGdanskaE_Embedded_Sharpest_FishIndex7_Single1_Right.jpg,4,4,4,2.6526367216360756
2023_BITS1q_HER_GlebiaGdanska_Embedded_Sharpest_FishIndex16_Single1_Left.jpg,2,2,2,0.8114011591360757
2023_BITS1q_HER_GlebiaGdanska_Embedded_Sharpest_FishIndex20_Single1_Right.jpg,6,4,4,3.165929284136075
2023_BITS1q_HER_GlebiaGdanska_Embedded_Sharpest_FishIndex20_Single2_Left.jpg,6,5,4,3.4122194091360756
2023_BITS1q_HER_GlebiaGdanska_Embedded_Sharpest_FishIndex38_Single1_Left.jpg,4,4,4,2.958549471636075
2023_BITS1q_HER_GlebiaGdanska_Embedded_Sharpest_FishIndex38_Single2_Right.jpg,4,4,4,2.732024659136075
2023_BITS1q_HER_GlebiaGdanska_Embedded_Sharpest_FishIndex49_Single1_Left.jpg,9,6,6,4.637407409136075
2023_BITS1q_HER_GlebiaGdanska_Embedded_Sharpest_FishIndex49_Single2_Right.jpg,9,4,4,3.403853909136075
2023_BITS1q_HER_GlebiaGdanska_Embedded_Sharpest_FishIndex54_Single1_Right.jpg,10,9,8,7.100671784136076
2023_BITS1q_HER_GlebiaGdanska_Embedded_Sharpest_FishIndex54_Single2_Left.jpg,10,12,13,9.432559971636076
2023_BITS1q_HER_GlebiaGdanska_Embedded_Sharpest_FishIndex5_Single1_Right.jpg,1,0,1,-0.5719414033639245
2023_BITS1q_HER_GlebiaGdanska_Embedded_Sharpest_FishIndex5_Single2_Left.jpg,1,1,1,0.43871290913607563
2023_BITS1q_HER_GlebiaGdanska_Embedded_Sharpest_FishIndex63_Single1_Left.jpg,2,1,1,0.45845453413607556
2023_BITS1q_HER_GlebiaGdanska_Embedded_Sharpest_FishIndex63_Single2_Right.jpg,2,2,2,1.4416675966360757
2023_BITS1q_HER_GlebiaGdanska_Embedded_Sharpest_FishIndex72_Single1_Right.jpg,4,3,3,2.110310596636076
2023_BITS1q_HER_GlebiaGdanska_Embedded_Sharpest_FishIndex72_Single2_Left.jpg,4,4,4,3.377337471636075
2023_BITS1q_HER_KlajpedzkieE_Embedded_Sharpest_FishIndex10_Single1_Left.jpg,4,3,3,1.9390417216360754
2023_BITS1q_HER_KlajpedzkieE_Embedded_Sharpest_FishIndex10_Single2_Right.jpg,4,3,3,2.3542146591360757
2023_BITS1q_HER_KlajpedzkieE_Embedded_Sharpest_FishIndex15_Single1_Left.jpg,4,3,3,1.7095367216360757
2023_BITS1q_HER_KlajpedzkieE_Embedded_Sharpest_FishIndex15_Single2_Right.jpg,4,3,3,2.169518034136076
2023_BITS1q_HER_KlajpedzkieE_Embedded_Sharpest_FishIndex18_Single1_Right.jpg,4,3,3,2.352187909136075
2023_BITS1q_HER_KlajpedzkieE_Embedded_Sharpest_FishIndex18_Single2_Left.jpg,4,4,4,2.9574655966360752
2023_BITS1q_HER_KlajpedzkieE_Embedded_Sharpest_FishIndex24_Single1_Left.jpg,7,5,4,3.6184107216360752
2023_BITS1q_HER_KlajpedzkieE_Embedded_Sharpest_FishIndex24_Single2_Right.jpg,7,5,5,3.9495910966360754
2023_BITS1q_HER_KlajpedzkieE_Embedded_Sharpest_FishIndex25_Single1_Left.jpg,8,7,7,5.286610971636076
2023_BITS1q_HER_KlajpedzkieE_Embedded_Sharpest_FishIndex25_Single2_Right.jpg,8,6,6,4.791614471636075
2023_BITS1q_HER_KlajpedzkieE_Embedded_Sharpest_FishIndex47_Single1_Right.jpg,4,4,4,2.6113987216360757
2023_BITS1q_HER_KlajpedzkieE_Embedded_Sharpest_FishIndex47_Single2_Left.jpg,4,3,3,2.107670784136076
2023_BITS1q_HER_KlajpedzkieE_Embedded_Sharpest_FishIndex48_Single1_Left.jpg,6,5,4,3.5679577841360763
2023_BITS1q_HER_KlajpedzkieE_Embedded_Sharpest_FishIndex48_Single2_Right.jpg,6,4,4,3.2272039091360756
2023_BITS1q_HER_KlajpedzkieE_Embedded_Sharpest_FishIndex52_Single1_Right.jpg,7,6,6,4.830725784136076
2023_BITS1q_HER_KlajpedzkieE_Embedded_Sharpest_FishIndex52_Single2_Left.jpg,7,5,5,3.9364957841360764
2023_BITS1q_HER_KlajpedzkieE_Embedded_Sharpest_FishIndex59_Single1_Left.jpg,9,6,6,5.104547971636076
2023_BITS1q_HER_KlajpedzkieE_Embedded_Sharpest_FishIndex59_Single2_Right.jpg,9,7,8,5.682207971636076
2023_BITS1q_HER_KlajpedzkieE_Embedded_Sharpest_FishIndex63_Single1_Left.jpg,2,1,1,0.05549997163607556
2023_BITS1q_HER_KlajpedzkieE_Embedded_Sharpest_FishIndex63_Single2_Right.jpg,2,0,1,-0.10802284086392437
2023_BITS1q_HER_KlajpedzkieE_Embedded_Sharpest_FishIndex9_Single1_Right.jpg,7,5,5,3.898351721636075
2023_BITS1q_HER_KlajpedzkieE_Embedded_Sharpest_FishIndex9_Single2_Left.jpg,7,5,5,4.126709971636076
2023_BITS1q_HER_UsteckoLebskie_Embedded_Sharpest_FishIndex100_Single1_Left.jpg,4,4,4,3.357554471636076
2023_BITS1q_HER_UsteckoLebskie_Embedded_Sharpest_FishIndex100_Single2_Right.jpg,4,4,4,3.3636327216360757
2023_BITS1q_HER_UsteckoLebskie_Embedded_Sharpest_FishIndex112_Single1_Right.jpg,6,7,8,5.676527971636075
2023_BITS1q_HER_UsteckoLebskie_Embedded_Sharpest_FishIndex112_Single2_Left.jpg,6,6,7,5.138542971636076
2023_BITS1q_HER_UsteckoLebskie_Embedded_Sharpest_FishIndex127_Single1_Right.jpg,4,3,3,2.1466947841360753
2023_BITS1q_HER_UsteckoLebskie_Embedded_Sharpest_FishIndex127_Single2_Left.jpg,4,3,3,2.301927596636076
2023_BITS1q_HER_UsteckoLebskie_Embedded_Sharpest_FishIndex23_Single1_Left.jpg,7,7,7,5.314208971636075
2023_BITS1q_HER_UsteckoLebskie_Embedded_Sharpest_FishIndex23_Single2_Right.jpg,7,8,8,6.897129971636074
2023_BITS1q_HER_UsteckoLebskie_Embedded_Sharpest_FishIndex24_Single1_Right.jpg,3,3,3,2.2490029716360755
2023_BITS1q_HER_UsteckoLebskie_Embedded_Sharpest_FishIndex24_Single2_Left.jpg,3,3,3,2.4431643466360757
2023_BITS1q_HER_UsteckoLebskie_Embedded_Sharpest_FishIndex28_Single1_Right.jpg,4,4,4,3.1820022216360755
2023_BITS1q_HER_UsteckoLebskie_Embedded_Sharpest_FishIndex28_Single2_Left.jpg,4,4,4,2.5845255966360754
2023_BITS1q_HER_UsteckoLebskie_Embedded_Sharpest_FishIndex40_Single1_Right.jpg,4,4,4,3.3986414091360753
2023_BITS1q_HER_UsteckoLebskie_Embedded_Sharpest_FishIndex40_Single2_Left.jpg,4,4,4,3.332191471636076
2023_BITS1q_HER_UsteckoLebskie_Embedded_Sharpest_FishIndex47_Single1_Right.jpg,6,3,3,2.4017458466360755
2023_BITS1q_HER_UsteckoLebskie_Embedded_Sharpest_FishIndex47_Single2_Left.jpg,6,4,4,2.674812159136075
2023_BITS1q_HER_UsteckoLebskie_Embedded_Sharpest_FishIndex52_Single1_Left.jpg,8,7,7,5.373945346636076
2023_BITS1q_HER_UsteckoLebskie_Embedded_Sharpest_FishIndex52_Single2_Right.jpg,8,8,8,6.580341409136076
2023_BITS1q_HER_UsteckoLebskie_Embedded_Sharpest_FishIndex53_Single1_Left.jpg,9,7,8,5.746477721636076
2023_BITS1q_HER_UsteckoLebskie_Embedded_Sharpest_FishIndex53_Single2_Right.jpg,9,7,8,5.653745721636076
2023_BITS1q_HER_UsteckoLebskie_Embedded_Sharpest_FishIndex55_Single1_Right.jpg,8,8,8,6.592157471636075
2023_BITS1q_HER_UsteckoLebskie_Embedded_Sharpest_FishIndex55_Single2_Left.jpg,8,8,8,6.141889971636075
2023_BITS1q_HER_UsteckoLebskie_Embedded_Sharpest_FishIndex57_Single1_Right.jpg,6,9,9,7.558333409136075
2023_BITS1q_HER_UsteckoLebskie_Embedded_Sharpest_FishIndex57_Single2_Left.jpg,6,8,8,6.879733971636075
2023_BITS1q_HER_UsteckoLebskie_Embedded_Sharpest_FishIndex58_Single1_Left.jpg,4,4,4,2.852856659136075
2023_BITS1q_HER_UsteckoLebskie_Embedded_Sharpest_FishIndex58_Single2_Right.jpg,4,4,4,2.924708471636075
2023_BITS1q_HER_UsteckoLebskie_Embedded_Sharpest_FishIndex71_Single1_Left.jpg,1,0,0,-4.163751528363925
2023_BITS1q_HER_UsteckoLebskie_Embedded_Sharpest_FishIndex76_Single1_Right.jpg,1,0,0,-1.8418989658639247
2023_BITS1q_HER_UsteckoLebskie_Embedded_Sharpest_FishIndex76_Single2_Left.jpg,1,0,0,-3.0005970908639252
2023_BITS1q_HER_UsteckoLebskie_Embedded_Sharpest_FishIndex86_Single1_Left.jpg,6,5,5,3.634926409136076
2023_BITS1q_HER_UsteckoLebskie_Embedded_Sharpest_FishIndex86_Single2_Right.jpg,6,5,5,3.958459784136075
2023_BITS1q_HER_UsteckoLebskie_Embedded_Sharpest_FishIndex93_Single1_Right.jpg,4,3,3,1.9696055966360755
2023_BITS1q_HER_UsteckoLebskie_Embedded_Sharpest_FishIndex93_Single2_Left.jpg,4,3,3,2.2269239716360754
2023_BITS1q_HER_UsteckoLebskie_Embedded_Sharpest_FishIndex95_Single1_Left.jpg,4,3,3,1.726929909136076
2023_BITS1q_HER_UsteckoLebskie_Embedded_Sharpest_FishIndex95_Single2_Right.jpg,4,4,4,2.7727227841360755
2023_BITS1q_HER_Wladyslawowskie_Embedded_Sharpest_FishIndex107_Single1_Right.jpg,4,5,5,3.755256471636075
2023_BITS1q_HER_Wladyslawowskie_Embedded_Sharpest_FishIndex107_Single2_Left.jpg,4,5,4,3.4104685341360756
2023_BITS1q_HER_Wladyslawowskie_Embedded_Sharpest_FishIndex110_Single1_Right.jpg,8,7,7,5.424129471636076
2023_BITS1q_HER_Wladyslawowskie_Embedded_Sharpest_FishIndex110_Single2_Left.jpg,8,6,6,4.689761971636075
2023_BITS1q_HER_Wladyslawowskie_Embedded_Sharpest_FishIndex122_Single1_Left.jpg,1,0,0,-1.898950778363925
2023_BITS1q_HER_Wladyslawowskie_Embedded_Sharpest_FishIndex122_Single2_Right.jpg,1,1,1,0.3704255341360755
2023_BITS1q_HER_Wladyslawowskie_Embedded_Sharpest_FishIndex20_Single1_Right.jpg,6,4,4,3.2662456591360756
2023_BITS1q_HER_Wladyslawowskie_Embedded_Sharpest_FishIndex20_Single2_Left.jpg,6,5,4,3.606541096636076
2023_BITS1q_HER_Wladyslawowskie_Embedded_Sharpest_FishIndex23_Single2_Left.jpg,2,1,1,0.2566299716360755
2023_BITS1q_HER_Wladyslawowskie_Embedded_Sharpest_FishIndex25_Single1_Right.jpg,5,4,4,2.5551604716360754
2023_BITS1q_HER_Wladyslawowskie_Embedded_Sharpest_FishIndex25_Single2_Left.jpg,5,4,4,2.936428221636075
2023_BITS1q_HER_Wladyslawowskie_Embedded_Sharpest_FishIndex27_Single1_Left.jpg,3,3,3,2.3080287216360755
2023_BITS1q_HER_Wladyslawowskie_Embedded_Sharpest_FishIndex27_Single2_Right.jpg,3,3,3,1.7934711591360752
2023_BITS1q_HER_Wladyslawowskie_Embedded_Sharpest_FishIndex32_Single1_Left.jpg,3,2,2,1.2420069091360755
2023_BITS1q_HER_Wladyslawowskie_Embedded_Sharpest_FishIndex32_Single2_Right.jpg,3,2,2,1.466969909136076
2023_BITS1q_HER_Wladyslawowskie_Embedded_Sharpest_FishIndex34_Single1_Right.jpg,4,4,4,3.164594096636075
2023_BITS1q_HER_Wladyslawowskie_Embedded_Sharpest_FishIndex54_Single1_Left.jpg,5,3,3,1.912537471636076
2023_BITS1q_HER_Wladyslawowskie_Embedded_Sharpest_FishIndex59_Single1_Right.jpg,10,7,8,5.801153159136075
2023_BITS1q_HER_Wladyslawowskie_Embedded_Sharpest_FishIndex59_Single2_Left.jpg,10,7,8,6.106826846636077
2023_BITS1q_HER_Wladyslawowskie_Embedded_Sharpest_FishIndex68_Single1_Left.jpg,4,4,4,3.2263044091360755
2023_BITS1q_HER_Wladyslawowskie_Embedded_Sharpest_FishIndex68_Single2_Right.jpg,4,4,4,2.750981784136075
2023_BITS1q_HER_Wladyslawowskie_Embedded_Sharpest_FishIndex74_Single1_Left.jpg,1,0,1,-0.8405961533639245
2023_BITS1q_HER_Wladyslawowskie_Embedded_Sharpest_FishIndex74_Single2_Right.jpg,1,0,0,-3.2111805283639248
2023_BITS1q_HER_Wladyslawowskie_Embedded_Sharpest_FishIndex76_Single1_Left.jpg,1,1,1,-0.006503153363924428
2023_BITS1q_HER_Wladyslawowskie_Embedded_Sharpest_FishIndex76_Single2_Right.jpg,1,0,1,-1.3337209658639244
2023_BITS1q_HER_Wladyslawowskie_Embedded_Sharpest_FishIndex89_Single1_Right.jpg,5,5,4,3.5957845966360757
2023_BITS1q_HER_Wladyslawowskie_Embedded_Sharpest_FishIndex92_Single1_Left.jpg,4,4,4,3.3814907216360757
2023_BITS1q_HER_Wladyslawowskie_Embedded_Sharpest_FishIndex92_Single2_Right.jpg,4,5,5,4.129878971636075
2023_BITS1q_HER_Wladyslawowskie_Embedded_Sharpest_FishIndex93_Single1_Left.jpg,8,8,8,6.349484471636075
2023_BITS1q_HER_Wladyslawowskie_Embedded_Sharpest_FishIndex93_Single2_Right.jpg,8,10,12,8.470278721636074
2023_BITS1q_HER_ZatokaGdanska_Embedded_Sharpest_FishIndex115_Single1_Left.jpg,1,1,1,0.05275859663607555
2023_BITS1q_HER_ZatokaGdanska_Embedded_Sharpest_FishIndex115_Single2_Right.jpg,1,0,0,-1.5854263408639246
2023_BITS1q_HER_ZatokaGdanska_Embedded_Sharpest_FishIndex117_Single1_Left.jpg,1,0,0,-3.962494278363925
2023_BITS1q_HER_ZatokaGdanska_Embedded_Sharpest_FishIndex117_Single2_Right.jpg,1,0,0,-3.547585465863925
2023_BITS1q_HER_ZatokaGdanska_Embedded_Sharpest_FishIndex124_Single1_Right.jpg,1,1,1,0.26636065913607565
2023_BITS1q_HER_ZatokaGdanska_Embedded_Sharpest_FishIndex124_Single2_Left.jpg,1,0,1,-0.3911306533639245
2023_BITS1q_HER_ZatokaGdanska_Embedded_Sharpest_FishIndex134_Single1_Left.jpg,9,8,8,6.899184784136075
2023_BITS1q_HER_ZatokaGdanska_Embedded_Sharpest_FishIndex134_Single2_Right.jpg,9,8,8,6.152659471636075
2023_BITS1q_HER_ZatokaGdanska_Embedded_Sharpest_FishIndex19_Single1_Left.jpg,5,3,3,2.1132156591360753
2023_BITS1q_HER_ZatokaGdanska_Embedded_Sharpest_FishIndex19_Single2_Right.jpg,5,4,4,2.5967764716360753
2023_BITS1q_HER_ZatokaGdanska_Embedded_Sharpest_FishIndex28_Single1_Right.jpg,4,4,4,2.8626766591360755
2023_BITS1q_HER_ZatokaGdanska_Embedded_Sharpest_FishIndex30_Single1_Right.jpg,4,4,4,2.5823116591360753
2023_BITS1q_HER_ZatokaGdanska_Embedded_Sharpest_FishIndex30_Single2_Left.jpg,4,4,4,2.8035219716360746
2023_BITS1q_HER_ZatokaGdanska_Embedded_Sharpest_FishIndex32_Single1_Left.jpg,3,2,2,1.5365981591360751
2023_BITS1q_HER_ZatokaGdanska_Embedded_Sharpest_FishIndex32_Single2_Right.jpg,3,3,3,1.8807825966360756
2023_BITS1q_HER_ZatokaGdanska_Embedded_Sharpest_FishIndex41_Single1_Right.jpg,9,9,8,7.337241159136075
2023_BITS1q_HER_ZatokaGdanska_Embedded_Sharpest_FishIndex41_Single2_Left.jpg,9,10,12,8.427858409136077
2023_BITS1q_HER_ZatokaGdanska_Embedded_Sharpest_FishIndex42_Single1_Left.jpg,5,5,5,3.7938969716360753
2023_BITS1q_HER_ZatokaGdanska_Embedded_Sharpest_FishIndex42_Single2_Right.jpg,5,3,3,2.2802754091360753
2023_BITS1q_HER_ZatokaGdanska_Embedded_Sharpest_FishIndex4_Single1_Left.jpg,1,0,1,-0.8052470908639244
2023_BITS1q_HER_ZatokaGdanska_Embedded_Sharpest_FishIndex4_Single2_Right.jpg,1,0,1,-0.6727214658639245
2023_BITS1q_HER_ZatokaGdanska_Embedded_Sharpest_FishIndex51_Single1_Left.jpg,1,0,0,-3.4661484033639245
2023_BITS1q_HER_ZatokaGdanska_Embedded_Sharpest_FishIndex51_Single2_Right.jpg,1,0,1,-1.1392300283639243
2023_BITS1q_HER_ZatokaGdanska_Embedded_Sharpest_FishIndex57_Single1_Left.jpg,2,2,2,0.8704595966360755
2023_BITS1q_HER_ZatokaGdanska_Embedded_Sharpest_FishIndex57_Single2_Right.jpg,2,2,2,1.2459062841360757
2023_BITS1q_HER_ZatokaGdanska_Embedded_Sharpest_FishIndex65_Single1_Right.jpg,2,2,2,1.5369545966360754
2023_BITS1q_HER_ZatokaGdanska_Embedded_Sharpest_FishIndex65_Single2_Left.jpg,2,2,2,1.5435015341360754
2023_BITS1q_HER_ZatokaGdanska_Embedded_Sharpest_FishIndex7_Single1_Right.jpg,4,4,3,2.492498471636076
2023_BITS1q_HER_ZatokaGdanska_Embedded_Sharpest_FishIndex7_Single2_Left.jpg,4,3,3,2.4824264716360753
2023_BITS1q_HER_ZatokaGdanska_Embedded_Sharpest_FishIndex80_Single1_Right.jpg,8,5,4,3.5502004716360753
2023_BITS1q_HER_ZatokaGdanska_Embedded_Sharpest_FishIndex80_Single2_Left.jpg,8,6,6,4.8975287216360766
2023_BITS1q_HER_ZatokaGdanska_Embedded_Sharpest_FishIndex81_Single1_Right.jpg,5,4,4,3.2339399716360755
2023_BITS1q_HER_ZatokaGdanska_Embedded_Sharpest_FishIndex81_Single2_Left.jpg,5,4,4,2.9248738466360753
2023_BITS1q_HER_ZatokaGdanska_Embedded_Sharpest_FishIndex87_Single1_Right.jpg,1,0,0,-2.9981535908639243
2023_BITS1q_HER_ZatokaGdanska_Embedded_Sharpest_FishIndex87_Single2_Left.jpg,1,0,0,-2.299174528363924
2023_BITS1q_HER_ZatokaGdanska_Embedded_Sharpest_FishIndex89_Single1_Left.jpg,1,0,1,-1.085697465863924
2023_BITS1q_HER_ZatokaGdanska_Embedded_Sharpest_FishIndex89_Single2_Right.jpg,1,0,0,-1.6848633408639242
2023_BITS1q_HER_ZatokaGdanska_Embedded_Sharpest_FishIndex97_Single1_Left.jpg,1,0,0,-2.1077085283639243
2023_BITS1q_HER_ZatokaGdanska_Embedded_Sharpest_FishIndex97_Single2_Right.jpg,1,0,1,-0.9855802158639244
2023_BITS4q_HER_BornholmskieS_Embedded_Sharpest_FishIndex19_Single1_Left.jpg,4,5,4,3.5059100341360754
2023_BITS4q_HER_BornholmskieS_Embedded_Sharpest_FishIndex19_Single2_Right.jpg,4,3,3,2.4238298466360755
2023_BITS4q_HER_BornholmskieS_Embedded_Sharpest_FishIndex1_Single1_Left.jpg,0,2,2,0.8795875341360756
2023_BITS4q_HER_BornholmskieS_Embedded_Sharpest_FishIndex1_Single2_Right.jpg,0,0,1,-0.11566127836392456
2023_BITS4q_HER_BornholmskieS_Embedded_Sharpest_FishIndex25_Single1_Left.jpg,5,4,4,3.304879159136076
2023_BITS4q_HER_BornholmskieS_Embedded_Sharpest_FishIndex25_Single2_Right.jpg,5,5,5,4.242582409136075
2023_BITS4q_HER_BornholmskieS_Embedded_Sharpest_FishIndex37_Single1_Right.jpg,0,0,0,-2.2722996533639246
2023_BITS4q_HER_BornholmskieS_Embedded_Sharpest_FishIndex37_Single2_Left.jpg,0,0,1,-0.19109815336392438
2023_BITS4q_HER_BornholmskieS_Embedded_Sharpest_FishIndex43_Single1_Left.jpg,0,0,0,-1.5793322158639242
2023_BITS4q_HER_BornholmskieS_Embedded_Sharpest_FishIndex43_Single2_Right.jpg,0,0,0,-1.6258925908639246
2023_BITS4q_HER_BornholmskieS_Embedded_Sharpest_FishIndex47_Single1_Left.jpg,0,0,1,-0.3057635908639244
2023_BITS4q_HER_BornholmskieS_Embedded_Sharpest_FishIndex47_Single2_Right.jpg,0,0,0,-1.6984022783639245
2023_BITS4q_HER_BornholmskieS_Embedded_Sharpest_FishIndex51_Single1_Right.jpg,2,3,3,1.767319159136076
2023_BITS4q_HER_BornholmskieS_Embedded_Sharpest_FishIndex51_Single2_Left.jpg,2,3,3,1.7928151591360755
2023_BITS4q_HER_BornholmskieS_Embedded_Sharpest_FishIndex54_Single1_Right.jpg,3,3,3,2.4330554716360755
2023_BITS4q_HER_BornholmskieS_Embedded_Sharpest_FishIndex54_Single2_Left.jpg,3,3,3,2.451495659136075
2023_BITS4q_HER_BornholmskieS_Embedded_Sharpest_FishIndex61_Single1_Left.jpg,1,2,2,1.3244877216360753
2023_BITS4q_HER_BornholmskieS_Embedded_Sharpest_FishIndex63_Single1_Left.jpg,3,3,3,2.139125596636076
2023_BITS4q_HER_BornholmskieS_Embedded_Sharpest_FishIndex63_Single2_Right.jpg,3,3,3,2.0571851591360755
2023_BITS4q_HER_BornholmskieS_Embedded_Sharpest_FishIndex71_Single1_Left.jpg,2,4,4,2.5690169091360757
2023_BITS4q_HER_BornholmskieS_Embedded_Sharpest_FishIndex71_Single2_Right.jpg,2,4,4,2.793531971636076
2023_BITS4q_HER_BornholmskieS_Embedded_Sharpest_FishIndex74_Single1_Right.jpg,5,6,6,4.578545971636075
2023_BITS4q_HER_BornholmskieS_Embedded_Sharpest_FishIndex74_Single2_Left.jpg,5,5,5,4.053045346636075
2023_BITS4q_HER_BornholmskieS_Embedded_Sharpest_FishIndex7_Single1_Left.jpg,0,0,0,-3.0035904033639245
2023_BITS4q_HER_BornholmskieS_Embedded_Sharpest_FishIndex7_Single2_Right.jpg,0,0,1,-0.9704431533639245
2023_BITS4q_HER_BornholmskieS_Embedded_Sharpest_FishIndex83_Single1_Right.jpg,3,4,4,3.0309854716360753
2023_BITS4q_HER_BornholmskieS_Embedded_Sharpest_FishIndex83_Single2_Left.jpg,3,4,4,2.550994784136075
2023_BITS4q_HER_BornholmskieS_Embedded_Sharpest_FishIndex85_Single1_Right.jpg,3,6,6,5.098203159136077
2023_BITS4q_HER_BornholmskieS_Embedded_Sharpest_FishIndex85_Single2_Left.jpg,3,5,4,3.5124968466360755
2023_BITS4q_HER_BornholmskieS_Embedded_Sharpest_FishIndex89_Single1_Right.jpg,3,3,3,2.3488520341360752
2023_BITS4q_HER_BornholmskieS_Embedded_Sharpest_FishIndex89_Single2_Left.jpg,3,4,4,3.0898726591360757
2023_BITS4q_HER_BornholmskieS_Embedded_Sharpest_FishIndex93_Single1_Left.jpg,4,5,5,3.694120909136075
2023_BITS4q_HER_BornholmskieS_Embedded_Sharpest_FishIndex93_Single2_Right.jpg,4,5,4,3.6138324091360756
2023_BITS4q_HER_GlebiaGdanska_Embedded_Sharpest_FishIndex10_Single1_Left.jpg,0,0,0,-3.3363904033639242
2023_BITS4q_HER_GlebiaGdanska_Embedded_Sharpest_FishIndex10_Single2_Right.jpg,0,0,0,-3.8461292783639256
2023_BITS4q_HER_GlebiaGdanska_Embedded_Sharpest_FishIndex14_Single1_Right.jpg,0,0,1,-1.0248932158639246
2023_BITS4q_HER_GlebiaGdanska_Embedded_Sharpest_FishIndex14_Single2_Left.jpg,0,0,0,-1.6331825283639245
2023_BITS4q_HER_GlebiaGdanska_Embedded_Sharpest_FishIndex15_Single1_Right.jpg,0,0,0,-1.7529447783639243
2023_BITS4q_HER_GlebiaGdanska_Embedded_Sharpest_FishIndex15_Single2_Left.jpg,0,0,1,-0.10467921586392448
2023_BITS4q_HER_GlebiaGdanska_Embedded_Sharpest_FishIndex18_Single1_Left.jpg,1,3,3,1.7744511591360754
2023_BITS4q_HER_GlebiaGdanska_Embedded_Sharpest_FishIndex18_Single2_Right.jpg,1,2,2,1.2073249091360756
2023_BITS4q_HER_GlebiaGdanska_Embedded_Sharpest_FishIndex21_Single1_Right.jpg,1,2,2,0.9783157216360755
2023_BITS4q_HER_GlebiaGdanska_Embedded_Sharpest_FishIndex21_Single2_Left.jpg,1,1,1,0.30720784663607553
2023_BITS4q_HER_GlebiaGdanska_Embedded_Sharpest_FishIndex30_Single1_Left.jpg,1,2,2,0.8292026591360756
2023_BITS4q_HER_GlebiaGdanska_Embedded_Sharpest_FishIndex43_Single1_Left.jpg,2,3,3,1.7539442216360754
2023_BITS4q_HER_GlebiaGdanska_Embedded_Sharpest_FishIndex43_Single2_Right.jpg,2,2,2,1.4746046591360757
2023_BITS4q_HER_GlebiaGdanska_Embedded_Sharpest_FishIndex46_Single1_Right.jpg,4,5,5,3.8899391591360755
2023_BITS4q_HER_GlebiaGdanska_Embedded_Sharpest_FishIndex67_Single1_Right.jpg,6,5,5,4.255965784136076
2023_BITS4q_HER_GlebiaGdanska_Embedded_Sharpest_FishIndex6_Single1_Left.jpg,0,0,0,-2.5326132158639245
2023_BITS4q_HER_GlebiaGdanska_Embedded_Sharpest_FishIndex6_Single2_Right.jpg,0,0,0,-1.8329144658639245
2023_BITS4q_HER_GlebiaGdanska_Embedded_Sharpest_FishIndex71_Single1_Right.jpg,3,4,4,3.1052837216360754
2023_BITS4q_HER_GlebiaGdanska_Embedded_Sharpest_FishIndex71_Single2_Left.jpg,3,3,3,2.4812275966360753
2023_BITS4q_HER_GlebiaGdanska_Embedded_Sharpest_FishIndex76_Single1_Right.jpg,5,5,5,4.239872971636076
2023_BITS4q_HER_GlebiaGdanska_Embedded_Sharpest_FishIndex76_Single2_Left.jpg,5,5,5,3.6855907216360757
2023_BITS4q_HER_GlebiaGdanska_Embedded_Sharpest_FishIndex8_Single1_Right.jpg,0,0,1,-1.3497094033639243
2023_BITS4q_HER_GotlandzkieS_Embedded_Sharpest_FishIndex23_Single1_Left.jpg,4,4,4,2.9270677216360754
2023_BITS4q_HER_GotlandzkieS_Embedded_Sharpest_FishIndex23_Single2_Right.jpg,4,4,4,2.577247471636076
2023_BITS4q_HER_GotlandzkieS_Embedded_Sharpest_FishIndex24_Single1_Right.jpg,4,5,4,3.4592069091360758
2023_BITS4q_HER_GotlandzkieS_Embedded_Sharpest_FishIndex24_Single2_Left.jpg,4,5,5,3.653357409136076
2023_BITS4q_HER_GotlandzkieS_Embedded_Sharpest_FishIndex2_Single1_Left.jpg,1,0,0,-1.8797080908639245
2023_BITS4q_HER_GotlandzkieS_Embedded_Sharpest_FishIndex2_Single2_Right.jpg,1,0,1,-0.014742965863924365
2023_BITS4q_HER_GotlandzkieS_Embedded_Sharpest_FishIndex34_Single1_Left.jpg,6,6,6,4.874560846636076
2023_BITS4q_HER_GotlandzkieS_Embedded_Sharpest_FishIndex34_Single2_Right.jpg,6,5,5,4.077122159136075
2023_BITS4q_HER_GotlandzkieS_Embedded_Sharpest_FishIndex46_Single2_Right.jpg,1,1,2,0.7721567216360756
2023_BITS4q_HER_GotlandzkieS_Embedded_Sharpest_FishIndex48_Single1_Right.jpg,4,4,4,2.8868036591360755
2023_BITS4q_HER_GotlandzkieS_Embedded_Sharpest_FishIndex48_Single2_Left.jpg,4,4,4,2.5922130341360745
2023_BITS4q_HER_GotlandzkieS_Embedded_Sharpest_FishIndex49_Single1_Left.jpg,3,3,3,2.2028346591360752
2023_BITS4q_HER_GotlandzkieS_Embedded_Sharpest_FishIndex49_Single2_Right.jpg,3,4,4,2.5877770341360753
2023_BITS4q_HER_GotlandzkieS_Embedded_Sharpest_FishIndex53_Single1_Right.jpg,4,5,4,3.5788026591360755
2023_BITS4q_HER_GotlandzkieS_Embedded_Sharpest_FishIndex53_Single2_Left.jpg,4,4,4,3.1523598466360747
2023_BITS4q_HER_GotlandzkieS_Embedded_Sharpest_FishIndex60_Single1_Right.jpg,3,4,4,2.6605740966360756
2023_BITS4q_HER_GotlandzkieS_Embedded_Sharpest_FishIndex60_Single2_Left.jpg,3,3,3,2.357211846636076
2023_BITS4q_HER_GotlandzkieS_Embedded_Sharpest_FishIndex62_Single1_Left.jpg,6,5,4,3.4473724716360756
2023_BITS4q_HER_GotlandzkieS_Embedded_Sharpest_FishIndex62_Single2_Right.jpg,6,5,5,3.957883784136076
2023_BITS4q_HER_GotlandzkieS_Embedded_Sharpest_FishIndex73_Single1_Left.jpg,2,2,2,1.6030934716360756
2023_BITS4q_HER_GotlandzkieS_Embedded_Sharpest_FishIndex73_Single2_Right.jpg,2,3,3,1.6954899091360756
2023_BITS4q_HER_KolobrzeskoDarlowskie_Embedded_Sharpest_FishIndex104_Single2_Right.jpg,2,3,3,1.9520568466360761
2023_BITS4q_HER_KolobrzeskoDarlowskie_Embedded_Sharpest_FishIndex105_Single1_Left.jpg,1,2,2,1.0476866591360756
2023_BITS4q_HER_KolobrzeskoDarlowskie_Embedded_Sharpest_FishIndex105_Single2_Right.jpg,1,2,2,0.7861435966360756
2023_BITS4q_HER_KolobrzeskoDarlowskie_Embedded_Sharpest_FishIndex106_Single1_Left.jpg,6,6,6,5.056712721636075
2023_BITS4q_HER_KolobrzeskoDarlowskie_Embedded_Sharpest_FishIndex106_Single2_Right.jpg,6,5,5,4.295573784136075
2023_BITS4q_HER_KolobrzeskoDarlowskie_Embedded_Sharpest_FishIndex10_Single1_Right.jpg,0,0,0,-6.978665465863924
2023_BITS4q_HER_KolobrzeskoDarlowskie_Embedded_Sharpest_FishIndex10_Single2_Left.jpg,0,0,0,-7.057307715863924
2023_BITS4q_HER_KolobrzeskoDarlowskie_Embedded_Sharpest_FishIndex114_Single1_Left.jpg,4,4,4,2.8715949091360757
2023_BITS4q_HER_KolobrzeskoDarlowskie_Embedded_Sharpest_FishIndex114_Single2_Right.jpg,4,5,4,3.6306944716360756
2023_BITS4q_HER_KolobrzeskoDarlowskie_Embedded_Sharpest_FishIndex118_Single1_Right.jpg,4,4,4,2.945627221636075
2023_BITS4q_HER_KolobrzeskoDarlowskie_Embedded_Sharpest_FishIndex118_Single2_Left.jpg,4,4,4,2.835446659136075
2023_BITS4q_HER_KolobrzeskoDarlowskie_Embedded_Sharpest_FishIndex120_Single1_Left.jpg,7,9,8,7.194085971636075
2023_BITS4q_HER_KolobrzeskoDarlowskie_Embedded_Sharpest_FishIndex120_Single2_Right.jpg,7,8,8,6.241075471636076
2023_BITS4q_HER_KolobrzeskoDarlowskie_Embedded_Sharpest_FishIndex127_Single1_Left.jpg,0,0,0,-3.8758559033639246
2023_BITS4q_HER_KolobrzeskoDarlowskie_Embedded_Sharpest_FishIndex127_Single2_Right.jpg,0,0,0,-2.4671640908639243
2023_BITS4q_HER_KolobrzeskoDarlowskie_Embedded_Sharpest_FishIndex147_Single1_Left.jpg,0,0,1,-1.4470374033639248
2023_BITS4q_HER_KolobrzeskoDarlowskie_Embedded_Sharpest_FishIndex147_Single2_Right.jpg,0,0,0,-4.783616028363925
2023_BITS4q_HER_KolobrzeskoDarlowskie_Embedded_Sharpest_FishIndex149_Single1_Right.jpg,4,5,5,3.957993471636075
2023_BITS4q_HER_KolobrzeskoDarlowskie_Embedded_Sharpest_FishIndex149_Single2_Left.jpg,4,5,5,3.6773019716360755
2023_BITS4q_HER_KolobrzeskoDarlowskie_Embedded_Sharpest_FishIndex14_Single1_Right.jpg,0,0,0,-5.325109403363925
2023_BITS4q_HER_KolobrzeskoDarlowskie_Embedded_Sharpest_FishIndex14_Single2_Left.jpg,0,0,0,-7.662999215863926
2023_BITS4q_HER_KolobrzeskoDarlowskie_Embedded_Sharpest_FishIndex158_Single1_Right.jpg,1,2,2,0.9930886591360755
2023_BITS4q_HER_KolobrzeskoDarlowskie_Embedded_Sharpest_FishIndex158_Single2_Left.jpg,1,2,2,1.2325165966360756
2023_BITS4q_HER_KolobrzeskoDarlowskie_Embedded_Sharpest_FishIndex168_Single1_Left.jpg,5,8,8,6.520253159136077
2023_BITS4q_HER_KolobrzeskoDarlowskie_Embedded_Sharpest_FishIndex168_Single2_Right.jpg,5,6,6,4.6559734716360754
2023_BITS4q_HER_KolobrzeskoDarlowskie_Embedded_Sharpest_FishIndex16_Single1_Right.jpg,0,0,0,-6.160970528363924
2023_BITS4q_HER_KolobrzeskoDarlowskie_Embedded_Sharpest_FishIndex16_Single2_Left.jpg,0,0,0,-7.965483590863924
2023_BITS4q_HER_KolobrzeskoDarlowskie_Embedded_Sharpest_FishIndex21_Single1_Right.jpg,1,1,1,0.3338814716360755
2023_BITS4q_HER_KolobrzeskoDarlowskie_Embedded_Sharpest_FishIndex21_Single2_Left.jpg,1,2,2,0.8086332216360755
2023_BITS4q_HER_KolobrzeskoDarlowskie_Embedded_Sharpest_FishIndex22_Single1_Left.jpg,2,2,2,1.4791220966360754
2023_BITS4q_HER_KolobrzeskoDarlowskie_Embedded_Sharpest_FishIndex22_Single2_Right.jpg,2,2,2,1.403083846636076
2023_BITS4q_HER_KolobrzeskoDarlowskie_Embedded_Sharpest_FishIndex32_Single1_Left.jpg,3,3,3,1.7181224716360757
2023_BITS4q_HER_KolobrzeskoDarlowskie_Embedded_Sharpest_FishIndex32_Single2_Right.jpg,3,3,3,2.137368659136076
2023_BITS4q_HER_KolobrzeskoDarlowskie_Embedded_Sharpest_FishIndex35_Single1_Right.jpg,4,4,4,3.3550555966360758
2023_BITS4q_HER_KolobrzeskoDarlowskie_Embedded_Sharpest_FishIndex35_Single2_Left.jpg,4,5,5,3.769838159136076
2023_BITS4q_HER_KolobrzeskoDarlowskie_Embedded_Sharpest_FishIndex44_Single1_Left.jpg,3,3,3,2.3312316591360753
2023_BITS4q_HER_KolobrzeskoDarlowskie_Embedded_Sharpest_FishIndex44_Single2_Right.jpg,3,3,3,1.7259260341360756
2023_BITS4q_HER_KolobrzeskoDarlowskie_Embedded_Sharpest_FishIndex47_Single1_Right.jpg,4,5,5,4.226616846636076
2023_BITS4q_HER_KolobrzeskoDarlowskie_Embedded_Sharpest_FishIndex47_Single2_Left.jpg,4,5,5,3.6570587216360755
2023_BITS4q_HER_KolobrzeskoDarlowskie_Embedded_Sharpest_FishIndex58_Single1_Left.jpg,9,9,8,7.147516346636076
2023_BITS4q_HER_KolobrzeskoDarlowskie_Embedded_Sharpest_FishIndex58_Single2_Right.jpg,9,10,12,8.310960721636075
2023_BITS4q_HER_KolobrzeskoDarlowskie_Embedded_Sharpest_FishIndex59_Single1_Right.jpg,11,6,6,4.9890747841360765
2023_BITS4q_HER_KolobrzeskoDarlowskie_Embedded_Sharpest_FishIndex59_Single2_Left.jpg,11,9,8,7.4267197841360755
2023_BITS4q_HER_KolobrzeskoDarlowskie_Embedded_Sharpest_FishIndex65_Single1_Right.jpg,12,9,8,7.094795784136076
2023_BITS4q_HER_KolobrzeskoDarlowskie_Embedded_Sharpest_FishIndex65_Single2_Left.jpg,12,11,13,9.250202221636075
2023_BITS4q_HER_KolobrzeskoDarlowskie_Embedded_Sharpest_FishIndex68_Single1_Right.jpg,11,11,13,8.727489471636076
2023_BITS4q_HER_KolobrzeskoDarlowskie_Embedded_Sharpest_FishIndex68_Single2_Left.jpg,11,10,11,7.904873846636075
2023_BITS4q_HER_KolobrzeskoDarlowskie_Embedded_Sharpest_FishIndex75_Single1_Left.jpg,0,0,0,-4.7228441533639245
2023_BITS4q_HER_KolobrzeskoDarlowskie_Embedded_Sharpest_FishIndex75_Single2_Right.jpg,0,0,0,-5.316859215863924
2023_BITS4q_HER_KolobrzeskoDarlowskie_Embedded_Sharpest_FishIndex76_Single1_Left.jpg,0,0,0,-7.339384028363926
2023_BITS4q_HER_KolobrzeskoDarlowskie_Embedded_Sharpest_FishIndex76_Single2_Right.jpg,0,0,0,-7.799032715863923
2023_BITS4q_HER_KolobrzeskoDarlowskie_Embedded_Sharpest_FishIndex78_Single1_Right.jpg,0,0,0,-7.1632425283639245
2023_BITS4q_HER_KolobrzeskoDarlowskie_Embedded_Sharpest_FishIndex78_Single2_Left.jpg,0,0,0,-6.676346778363924
2023_BITS4q_HER_KolobrzeskoDarlowskie_Embedded_Sharpest_FishIndex82_Single1_Left.jpg,0,0,0,-6.3031772783639255
2023_BITS4q_HER_KolobrzeskoDarlowskie_Embedded_Sharpest_FishIndex82_Single2_Right.jpg,0,0,0,-5.109281403363925
2023_BITS4q_HER_KolobrzeskoDarlowskie_Embedded_Sharpest_FishIndex84_Single1_Left.jpg,0,0,0,-7.003141903363924
2023_BITS4q_HER_KolobrzeskoDarlowskie_Embedded_Sharpest_FishIndex84_Single2_Right.jpg,0,0,0,-7.761814528363924
2023_BITS4q_HER_KolobrzeskoDarlowskie_Embedded_Sharpest_FishIndex88_Single1_Left.jpg,0,0,0,-5.002843778363925
2023_BITS4q_HER_KolobrzeskoDarlowskie_Embedded_Sharpest_FishIndex88_Single2_Right.jpg,0,0,0,-4.319263653363924
2023_BITS4q_HER_KolobrzeskoDarlowskie_Embedded_Sharpest_FishIndex90_Single1_Left.jpg,0,0,0,-6.117432590863924
2023_BITS4q_HER_KolobrzeskoDarlowskie_Embedded_Sharpest_FishIndex90_Single2_Right.jpg,0,0,0,-4.461768590863923
2023_BITS4q_HER_KolobrzeskoDarlowskie_Embedded_Sharpest_FishIndex91_Single1_Left.jpg,0,0,0,-5.165738153363925
2023_BITS4q_HER_KolobrzeskoDarlowskie_Embedded_Sharpest_FishIndex91_Single2_Right.jpg,0,0,0,-6.284490465863924
2023_BITS4q_HER_KolobrzeskoDarlowskie_Embedded_Sharpest_FishIndex95_Single1_Left.jpg,1,2,2,0.8367847216360752
2023_BITS4q_HER_KolobrzeskoDarlowskie_Embedded_Sharpest_FishIndex95_Single2_Right.jpg,1,2,2,1.3736924716360754
2023_BITS4q_HER_KolobrzeskoDarlowskie_Embedded_Sharpest_FishIndex96_Single1_Right.jpg,2,2,2,0.9202233466360754
2023_BITS4q_HER_KolobrzeskoDarlowskie_Embedded_Sharpest_FishIndex96_Single2_Left.jpg,2,2,2,0.9344555341360756
2023_BITS4q_HER_KolobrzeskoDarlowskie_Embedded_Sharpest_FishIndex97_Single1_Left.jpg,5,5,5,3.680609721636075
2023_BITS4q_HER_KolobrzeskoDarlowskie_Embedded_Sharpest_FishIndex97_Single2_Right.jpg,5,5,5,4.1081971591360755
2023_BITS4q_HER_LawicaSrodkowa_Embedded_Sharpest_FishIndex10_Single1_Left.jpg,5,5,4,3.470962409136076
2023_BITS4q_HER_LawicaSrodkowa_Embedded_Sharpest_FishIndex10_Single2_Right.jpg,5,5,6,4.297122971636075
2023_BITS4q_HER_LawicaSrodkowa_Embedded_Sharpest_FishIndex14_Single1_Left.jpg,4,4,4,3.046873659136075
2023_BITS4q_HER_LawicaSrodkowa_Embedded_Sharpest_FishIndex14_Single2_Right.jpg,4,4,4,3.2478982841360757
2023_BITS4q_HER_LawicaSrodkowa_Embedded_Sharpest_FishIndex16_Single1_Left.jpg,4,4,4,2.718134659136076
2023_BITS4q_HER_LawicaSrodkowa_Embedded_Sharpest_FishIndex16_Single2_Right.jpg,4,4,4,2.5514387841360757
2023_BITS4q_HER_LawicaSrodkowa_Embedded_Sharpest_FishIndex18_Single1_Right.jpg,3,2,2,1.5123519716360754
2023_BITS4q_HER_LawicaSrodkowa_Embedded_Sharpest_FishIndex18_Single2_Left.jpg,3,3,3,2.017438659136076
2023_BITS4q_HER_LawicaSrodkowa_Embedded_Sharpest_FishIndex31_Single1_Right.jpg,4,3,3,2.416303659136076
2023_BITS4q_HER_LawicaSrodkowa_Embedded_Sharpest_FishIndex31_Single2_Left.jpg,4,5,6,4.329550346636076
2023_BITS4q_HER_LawicaSrodkowa_Embedded_Sharpest_FishIndex33_Single1_Right.jpg,4,7,8,5.666176409136075
2023_BITS4q_HER_LawicaSrodkowa_Embedded_Sharpest_FishIndex33_Single2_Left.jpg,4,7,7,5.5453319716360765
2023_BITS4q_HER_LawicaSrodkowa_Embedded_Sharpest_FishIndex3_Single1_Right.jpg,1,1,1,0.5702924716360755
2023_BITS4q_HER_LawicaSrodkowa_Embedded_Sharpest_FishIndex3_Single2_Left.jpg,1,1,1,0.7039424091360753
2023_BITS4q_HER_LawicaSrodkowa_Embedded_Sharpest_FishIndex45_Single1_Left.jpg,8,8,8,6.371778971636075
2023_BITS4q_HER_LawicaSrodkowa_Embedded_Sharpest_FishIndex45_Single2_Right.jpg,8,10,11,7.922018971636075
2023_BITS4q_HER_LawicaSrodkowa_Embedded_Sharpest_FishIndex53_Single1_Right.jpg,6,8,8,6.638161784136077
2023_BITS4q_HER_LawicaSrodkowa_Embedded_Sharpest_FishIndex53_Single2_Left.jpg,6,8,8,6.759837721636075
2023_BITS4q_HER_RynnaSlupska_Embedded_Sharpest_FishIndex104_Single1_Left.jpg,3,4,4,2.833024471636075
2023_BITS4q_HER_RynnaSlupska_Embedded_Sharpest_FishIndex104_Single2_Right.jpg,3,3,3,2.1608316591360754
2023_BITS4q_HER_RynnaSlupska_Embedded_Sharpest_FishIndex16_Single1_Left.jpg,4,4,4,2.9083447841360757
2023_BITS4q_HER_RynnaSlupska_Embedded_Sharpest_FishIndex16_Single2_Right.jpg,4,4,4,2.8934912841360756
2023_BITS4q_HER_RynnaSlupska_Embedded_Sharpest_FishIndex2_Single1_Right.jpg,0,0,0,-3.539894153363924
2023_BITS4q_HER_RynnaSlupska_Embedded_Sharpest_FishIndex2_Single2_Left.jpg,0,0,0,-2.1234293408639244
2023_BITS4q_HER_RynnaSlupska_Embedded_Sharpest_FishIndex42_Single1_Left.jpg,7,6,7,5.183536471636075
2023_BITS4q_HER_RynnaSlupska_Embedded_Sharpest_FishIndex42_Single2_Right.jpg,7,5,5,4.185328471636074
2023_BITS4q_HER_RynnaSlupska_Embedded_Sharpest_FishIndex50_Single1_Left.jpg,4,4,4,2.788165846636076
2023_BITS4q_HER_RynnaSlupska_Embedded_Sharpest_FishIndex50_Single2_Right.jpg,4,4,4,2.9107149716360756
2023_BITS4q_HER_RynnaSlupska_Embedded_Sharpest_FishIndex51_Single1_Left.jpg,4,4,4,3.0210176591360756
2023_BITS4q_HER_RynnaSlupska_Embedded_Sharpest_FishIndex51_Single2_Right.jpg,4,4,4,3.196853034136076
2023_BITS4q_HER_RynnaSlupska_Embedded_Sharpest_FishIndex65_Single1_Right.jpg,0,0,0,-3.906993090863925
2023_BITS4q_HER_RynnaSlupska_Embedded_Sharpest_FishIndex65_Single2_Left.jpg,0,0,0,-1.7377345283639247
2023_BITS4q_HER_RynnaSlupska_Embedded_Sharpest_FishIndex68_Single1_Right.jpg,1,0,1,-0.6228122783639246
2023_BITS4q_HER_RynnaSlupska_Embedded_Sharpest_FishIndex68_Single2_Left.jpg,1,0,1,-0.017813278363924386
2023_BITS4q_HER_RynnaSlupska_Embedded_Sharpest_FishIndex73_Single1_Left.jpg,5,5,5,3.6852271591360752
2023_BITS4q_HER_RynnaSlupska_Embedded_Sharpest_FishIndex73_Single2_Right.jpg,5,5,4,3.4619521591360756
2023_BITS4q_HER_RynnaSlupska_Embedded_Sharpest_FishIndex74_Single1_Right.jpg,4,4,4,2.998551784136076
2023_BITS4q_HER_RynnaSlupska_Embedded_Sharpest_FishIndex74_Single2_Left.jpg,4,4,4,3.2553200341360755
2023_BITS4q_HER_RynnaSlupska_Embedded_Sharpest_FishIndex75_Single1_Right.jpg,5,4,4,3.0182125966360753
2023_BITS4q_HER_RynnaSlupska_Embedded_Sharpest_FishIndex75_Single2_Left.jpg,5,5,4,3.423366409136076
2023_BITS4q_HER_RynnaSlupska_Embedded_Sharpest_FishIndex77_Single1_Right.jpg,5,4,4,3.1826920341360756
2023_BITS4q_HER_RynnaSlupska_Embedded_Sharpest_FishIndex77_Single2_Left.jpg,5,5,5,3.690766784136075
2023_BITS4q_HER_RynnaSlupska_Embedded_Sharpest_FishIndex8_Single1_Right.jpg,0,0,0,-3.281291028363924
2023_BITS4q_HER_RynnaSlupska_Embedded_Sharpest_FishIndex8_Single2_Left.jpg,0,0,0,-4.557559028363925
2023_BITS4q_HER_UsteckoLebskie_Embedded_Sharpest_FishIndex101_Single1_Right.jpg,6,5,5,3.646775346636075
2023_BITS4q_HER_UsteckoLebskie_Embedded_Sharpest_FishIndex101_Single2_Left.jpg,6,5,5,3.9043914716360755
2023_BITS4q_HER_UsteckoLebskie_Embedded_Sharpest_FishIndex105_Single1_Right.jpg,4,4,4,3.377543471636075
2023_BITS4q_HER_UsteckoLebskie_Embedded_Sharpest_FishIndex105_Single2_Left.jpg,4,4,4,2.750530096636075
2023_BITS4q_HER_UsteckoLebskie_Embedded_Sharpest_FishIndex114_Single1_Left.jpg,5,7,7,5.310408971636075
2023_BITS4q_HER_UsteckoLebskie_Embedded_Sharpest_FishIndex116_Single1_Left.jpg,0,0,0,-2.288673965863924
2023_BITS4q_HER_UsteckoLebskie_Embedded_Sharpest_FishIndex116_Single2_Right.jpg,0,0,0,-2.8260255283639246
2023_BITS4q_HER_UsteckoLebskie_Embedded_Sharpest_FishIndex128_Single1_Left.jpg,10,9,8,7.080855846636076
2023_BITS4q_HER_UsteckoLebskie_Embedded_Sharpest_FishIndex128_Single2_Right.jpg,10,8,8,6.900925721636075
2023_BITS4q_HER_UsteckoLebskie_Embedded_Sharpest_FishIndex145_Single1_Left.jpg,15,6,6,4.966981909136076
2023_BITS4q_HER_UsteckoLebskie_Embedded_Sharpest_FishIndex145_Single2_Right.jpg,15,13,14,10.898544284136074
2023_BITS4q_HER_UsteckoLebskie_Embedded_Sharpest_FishIndex21_Single1_Left.jpg,4,4,3,2.5081577216360755
2023_BITS4q_HER_UsteckoLebskie_Embedded_Sharpest_FishIndex21_Single2_Right.jpg,4,4,4,3.1447034716360758
2023_BITS4q_HER_UsteckoLebskie_Embedded_Sharpest_FishIndex34_Single1_Left.jpg,2,2,2,1.2043648466360755
2023_BITS4q_HER_UsteckoLebskie_Embedded_Sharpest_FishIndex34_Single2_Right.jpg,2,2,2,0.9949185341360756
2023_BITS4q_HER_UsteckoLebskie_Embedded_Sharpest_FishIndex36_Single1_Right.jpg,5,4,4,2.744723784136076
2023_BITS4q_HER_UsteckoLebskie_Embedded_Sharpest_FishIndex36_Single2_Left.jpg,5,5,5,4.178183596636075
2023_BITS4q_HER_UsteckoLebskie_Embedded_Sharpest_FishIndex38_Single1_Right.jpg,4,4,4,3.033009471636076
2023_BITS4q_HER_UsteckoLebskie_Embedded_Sharpest_FishIndex38_Single2_Left.jpg,4,4,3,2.5155817216360754
2023_BITS4q_HER_UsteckoLebskie_Embedded_Sharpest_FishIndex39_Single1_Right.jpg,6,3,3,2.480624659136076
2023_BITS4q_HER_UsteckoLebskie_Embedded_Sharpest_FishIndex39_Single2_Left.jpg,6,4,4,3.370894284136076
2023_BITS4q_HER_UsteckoLebskie_Embedded_Sharpest_FishIndex50_Single1_Right.jpg,4,6,6,4.355345784136075
2023_BITS4q_HER_UsteckoLebskie_Embedded_Sharpest_FishIndex50_Single2_Left.jpg,4,5,5,3.653072471636076
2023_BITS4q_HER_UsteckoLebskie_Embedded_Sharpest_FishIndex56_Single1_Right.jpg,5,4,4,3.4076909716360757
2023_BITS4q_HER_UsteckoLebskie_Embedded_Sharpest_FishIndex56_Single2_Left.jpg,5,5,5,4.095713721636075
2023_BITS4q_HER_UsteckoLebskie_Embedded_Sharpest_FishIndex59_Single2_Left.jpg,0,0,0,-2.720356778363924
2023_BITS4q_HER_UsteckoLebskie_Embedded_Sharpest_FishIndex67_Single1_Right.jpg,0,0,0,-7.524731590863924
2023_BITS4q_HER_UsteckoLebskie_Embedded_Sharpest_FishIndex67_Single2_Left.jpg,0,0,0,-7.361705903363925
2023_BITS4q_HER_UsteckoLebskie_Embedded_Sharpest_FishIndex77_Single1_Right.jpg,0,0,0,-6.833905715863925
2023_BITS4q_HER_UsteckoLebskie_Embedded_Sharpest_FishIndex77_Single2_Left.jpg,0,0,0,-6.620320403363923
2023_BITS4q_HER_UsteckoLebskie_Embedded_Sharpest_FishIndex82_Single1_Right.jpg,1,1,1,0.5696510341360755
2023_BITS4q_HER_UsteckoLebskie_Embedded_Sharpest_FishIndex89_Single1_Left.jpg,4,4,4,2.6154240341360757
2023_BITS4q_HER_UsteckoLebskie_Embedded_Sharpest_FishIndex89_Single2_Right.jpg,4,4,4,2.885445909136075
2023_BITS4q_HER_Wladyslawowskie_Embedded_Sharpest_FishIndex106_Single1_Left.jpg,10,8,8,6.7628908466360755
2023_BITS4q_HER_Wladyslawowskie_Embedded_Sharpest_FishIndex106_Single2_Right.jpg,10,7,8,5.682937721636076
2023_BITS4q_HER_Wladyslawowskie_Embedded_Sharpest_FishIndex11_Single1_Left.jpg,0,0,0,-6.306738278363925
2023_BITS4q_HER_Wladyslawowskie_Embedded_Sharpest_FishIndex11_Single2_Right.jpg,0,0,0,-6.210262840863925
2023_BITS4q_HER_Wladyslawowskie_Embedded_Sharpest_FishIndex126_Single1_Left.jpg,1,1,1,0.7066726591360755
2023_BITS4q_HER_Wladyslawowskie_Embedded_Sharpest_FishIndex126_Single2_Right.jpg,1,1,1,0.6976817841360755
2023_BITS4q_HER_Wladyslawowskie_Embedded_Sharpest_FishIndex12_Single1_Right.jpg,0,0,0,-6.485113090863925
2023_BITS4q_HER_Wladyslawowskie_Embedded_Sharpest_FishIndex137_Single1_Right.jpg,12,11,13,8.943141971636074
2023_BITS4q_HER_Wladyslawowskie_Embedded_Sharpest_FishIndex137_Single2_Left.jpg,12,10,13,8.578744846636075
2023_BITS4q_HER_Wladyslawowskie_Embedded_Sharpest_FishIndex20_Single1_Right.jpg,0,0,0,-6.9272531533639246
2023_BITS4q_HER_Wladyslawowskie_Embedded_Sharpest_FishIndex20_Single2_Left.jpg,0,0,0,-6.793790153363924
2023_BITS4q_HER_Wladyslawowskie_Embedded_Sharpest_FishIndex25_Single1_Left.jpg,1,1,1,0.26909259663607565
2023_BITS4q_HER_Wladyslawowskie_Embedded_Sharpest_FishIndex25_Single2_Right.jpg,1,1,1,0.4004714091360754
2023_BITS4q_HER_Wladyslawowskie_Embedded_Sharpest_FishIndex33_Single1_Right.jpg,4,4,4,3.216882721636076
2023_BITS4q_HER_Wladyslawowskie_Embedded_Sharpest_FishIndex33_Single2_Left.jpg,4,4,4,3.186413409136075
2023_BITS4q_HER_Wladyslawowskie_Embedded_Sharpest_FishIndex50_Single1_Right.jpg,4,2,2,1.2641718466360754
2023_BITS4q_HER_Wladyslawowskie_Embedded_Sharpest_FishIndex50_Single2_Left.jpg,4,4,4,2.7510954091360755
2023_BITS4q_HER_Wladyslawowskie_Embedded_Sharpest_FishIndex52_Single1_Left.jpg,6,6,6,4.386479471636076
2023_BITS4q_HER_Wladyslawowskie_Embedded_Sharpest_FishIndex52_Single2_Right.jpg,6,6,6,4.816040971636076
2023_BITS4q_HER_Wladyslawowskie_Embedded_Sharpest_FishIndex53_Single1_Left.jpg,5,7,7,5.273353659136076
2023_BITS4q_HER_Wladyslawowskie_Embedded_Sharpest_FishIndex53_Single2_Right.jpg,5,8,8,6.521652221636074
2023_BITS4q_HER_Wladyslawowskie_Embedded_Sharpest_FishIndex55_Single1_Right.jpg,0,0,0,-5.177226528363924
2023_BITS4q_HER_Wladyslawowskie_Embedded_Sharpest_FishIndex55_Single2_Left.jpg,0,0,0,-4.652704215863925
2023_BITS4q_HER_Wladyslawowskie_Embedded_Sharpest_FishIndex58_Single2_Left.jpg,0,0,0,-6.8507960283639235
2023_BITS4q_HER_Wladyslawowskie_Embedded_Sharpest_FishIndex74_Single1_Left.jpg,2,3,3,1.6568465966360755
2023_BITS4q_HER_Wladyslawowskie_Embedded_Sharpest_FishIndex74_Single2_Right.jpg,2,3,3,1.6922885966360752
2023_BITS4q_HER_Wladyslawowskie_Embedded_Sharpest_FishIndex8_Single1_Right.jpg,0,0,0,-6.483587215863925
2023_BITS4q_HER_Wladyslawowskie_Embedded_Sharpest_FishIndex8_Single2_Left.jpg,0,0,0,-7.1533245908639245
2024_BITS1q_HER_BornholmskieS_Embedded_Sharpest_FishIndex102_Single1_Right.jpg,3,4,4,2.546900784136076
2024_BITS1q_HER_BornholmskieS_Embedded_Sharpest_FishIndex102_Single2_Left.jpg,3,5,4,3.5126195341360753
2024_BITS1q_HER_BornholmskieS_Embedded_Sharpest_FishIndex14_Single2_Left.jpg,2,2,2,1.0738842841360756
2024_BITS1q_HER_BornholmskieS_Embedded_Sharpest_FishIndex14_Single3_Right.jpg,2,2,2,1.5299249091360756
2024_BITS1q_HER_BornholmskieS_Embedded_Sharpest_FishIndex22_Single1_Left.jpg,7,4,4,3.402663659136075
2024_BITS1q_HER_BornholmskieS_Embedded_Sharpest_FishIndex22_Single2_Right.jpg,7,5,5,3.8778429716360763
2024_BITS1q_HER_BornholmskieS_Embedded_Sharpest_FishIndex24_Single1_Right.jpg,5,5,4,3.5151534091360754
2024_BITS1q_HER_BornholmskieS_Embedded_Sharpest_FishIndex24_Single2_Left.jpg,5,4,4,3.208919409136076
2024_BITS1q_HER_BornholmskieS_Embedded_Sharpest_FishIndex33_Single2_Left.jpg,7,3,3,2.0435051591360756
2024_BITS1q_HER_BornholmskieS_Embedded_Sharpest_FishIndex33_Single3_Right.jpg,7,3,3,2.2287271591360756
2024_BITS1q_HER_BornholmskieS_Embedded_Sharpest_FishIndex47_Single1_Left.jpg,5,6,6,4.890663971636076
2024_BITS1q_HER_BornholmskieS_Embedded_Sharpest_FishIndex47_Single2_Right.jpg,5,5,4,3.5898724716360757
2024_BITS1q_HER_BornholmskieS_Embedded_Sharpest_FishIndex49_Single1_Left.jpg,4,4,3,2.5016917841360753
2024_BITS1q_HER_BornholmskieS_Embedded_Sharpest_FishIndex49_Single2_Right.jpg,4,4,3,2.506961346636076
2024_BITS1q_HER_BornholmskieS_Embedded_Sharpest_FishIndex50_Single1_Left.jpg,4,8,8,6.399733471636077
2024_BITS1q_HER_BornholmskieS_Embedded_Sharpest_FishIndex50_Single2_Right.jpg,4,7,7,5.356779971636076
2024_BITS1q_HER_BornholmskieS_Embedded_Sharpest_FishIndex58_Single1_Left.jpg,5,4,4,2.9286592841360757
2024_BITS1q_HER_BornholmskieS_Embedded_Sharpest_FishIndex58_Single2_Right.jpg,5,5,4,3.628943909136076
2024_BITS1q_HER_BornholmskieS_Embedded_Sharpest_FishIndex60_Single1_Left.jpg,6,4,4,3.1034029716360756
2024_BITS1q_HER_BornholmskieS_Embedded_Sharpest_FishIndex60_Single2_Right.jpg,6,4,4,2.866287284136076
2024_BITS1q_HER_BornholmskieS_Embedded_Sharpest_FishIndex64_Single1_Left.jpg,3,3,3,2.2874265341360758
2024_BITS1q_HER_BornholmskieS_Embedded_Sharpest_FishIndex64_Single2_Right.jpg,3,4,4,2.7541842841360755
2024_BITS1q_HER_BornholmskieS_Embedded_Sharpest_FishIndex70_Single1_Left.jpg,4,4,4,2.6307290966360757
2024_BITS1q_HER_BornholmskieS_Embedded_Sharpest_FishIndex70_Single2_Right.jpg,4,4,4,3.201413034136076
2024_BITS1q_HER_BornholmskieS_Embedded_Sharpest_FishIndex78_Single1_Left.jpg,7,7,8,5.957929721636075
2024_BITS1q_HER_BornholmskieS_Embedded_Sharpest_FishIndex78_Single2_Right.jpg,7,8,8,6.2251900966360765
2024_BITS1q_HER_BornholmskieS_Embedded_Sharpest_FishIndex87_Single1_Left.jpg,10,10,12,8.231452909136074
2024_BITS1q_HER_BornholmskieS_Embedded_Sharpest_FishIndex87_Single2_Right.jpg,10,12,13,9.674814221636076
2024_BITS1q_HER_BornholmskieS_Embedded_Sharpest_FishIndex90_Single1_Left.jpg,4,4,4,2.7089119716360757
2024_BITS1q_HER_BornholmskieS_Embedded_Sharpest_FishIndex90_Single2_Right.jpg,4,4,4,3.3551437216360758
2024_BITS1q_HER_BornholmskieS_Embedded_Sharpest_FishIndex99_Single1_Right.jpg,5,5,5,3.671059909136076
2024_BITS1q_HER_GlebiaGdanska_Embedded_Sharpest_FishIndex12_Single2_Right.jpg,2,2,2,0.9432855966360756
2024_BITS1q_HER_GlebiaGdanska_Embedded_Sharpest_FishIndex23_Single1_Right.jpg,3,4,4,2.9024567841360756
2024_BITS1q_HER_GlebiaGdanska_Embedded_Sharpest_FishIndex23_Single2_Left.jpg,3,4,4,2.6966780966360755
2024_BITS1q_HER_GlebiaGdanska_Embedded_Sharpest_FishIndex24_Single2_Right.jpg,3,4,4,3.3072614716360755
2024_BITS1q_HER_GlebiaGdanska_Embedded_Sharpest_FishIndex24_Single3_Left.jpg,3,5,5,3.722432971636076
2024_BITS1q_HER_GlebiaGdanska_Embedded_Sharpest_FishIndex29_Single1_Left.jpg,5,4,4,2.8902907216360756
2024_BITS1q_HER_GlebiaGdanska_Embedded_Sharpest_FishIndex29_Single2_Right.jpg,5,4,4,3.303178784136076
2024_BITS1q_HER_GlebiaGdanska_Embedded_Sharpest_FishIndex38_Single1_Left.jpg,5,9,11,7.784664971636075
2024_BITS1q_HER_GlebiaGdanska_Embedded_Sharpest_FishIndex38_Single2_Right.jpg,5,9,8,7.019532159136077
2024_BITS1q_HER_GlebiaGdanska_Embedded_Sharpest_FishIndex41_Single3_Left.jpg,5,6,6,4.790263971636076
2024_BITS1q_HER_GlebiaGdanska_Embedded_Sharpest_FishIndex41_Single4_Right.jpg,5,5,5,3.939539534136075
2024_BITS1q_HER_GlebiaGdanska_Embedded_Sharpest_FishIndex50_Single2_Right.jpg,2,3,3,1.9317437216360758
2024_BITS1q_HER_GlebiaGdanska_Embedded_Sharpest_FishIndex52_Single1_Left.jpg,4,5,5,3.8501439716360757
2024_BITS1q_HER_GlebiaGdanska_Embedded_Sharpest_FishIndex52_Single2_Right.jpg,4,5,5,3.689829846636076
2024_BITS1q_HER_GlebiaGdanska_Embedded_Sharpest_FishIndex71_Single1_Right.jpg,5,6,6,4.4540719716360755
2024_BITS1q_HER_GlebiaGdanska_Embedded_Sharpest_FishIndex71_Single2_Left.jpg,5,5,5,3.864432159136076
2024_BITS1q_HER_GlebiaGdanska_Embedded_Sharpest_FishIndex77_Single1_Right.jpg,1,1,1,0.2962922216360755
2024_BITS1q_HER_GlebiaGdanska_Embedded_Sharpest_FishIndex77_Single2_Left.jpg,1,2,2,0.9120690966360756
2024_BITS1q_HER_GlebiaGdanska_Embedded_Sharpest_FishIndex85_Single1_Right.jpg,5,5,5,3.917309409136075
2024_BITS1q_HER_GlebiaGdanska_Embedded_Sharpest_FishIndex85_Single2_Left.jpg,5,5,5,3.7814402841360755
2024_BITS1q_HER_GlebiaGdanska_Embedded_Sharpest_FishIndex90_Single1_Right.jpg,15,11,13,9.066987971636076
2024_BITS1q_HER_GlebiaGdanska_Embedded_Sharpest_FishIndex90_Single2_Left.jpg,15,12,13,10.100522909136075
2024_BITS1q_HER_GlebiaGdanska_Embedded_Sharpest_FishIndex95_Single1_Left.jpg,4,4,4,2.995463159136075
2024_BITS1q_HER_GlebiaGdanska_Embedded_Sharpest_FishIndex95_Single2_Right.jpg,4,5,5,3.8525858466360754
2024_BITS1q_HER_KolobrzeskoDarlowskie_Embedded_Sharpest_FishIndex102_Single1_Right.jpg,1,0,0,-1.8006586533639246
2024_BITS1q_HER_KolobrzeskoDarlowskie_Embedded_Sharpest_FishIndex107_Single1_Right.jpg,13,10,12,8.185197784136076
2024_BITS1q_HER_KolobrzeskoDarlowskie_Embedded_Sharpest_FishIndex107_Single2_Left.jpg,13,10,12,8.217016159136076
2024_BITS1q_HER_KolobrzeskoDarlowskie_Embedded_Sharpest_FishIndex108_Single1_Right.jpg,5,5,5,3.896665971636075
2024_BITS1q_HER_KolobrzeskoDarlowskie_Embedded_Sharpest_FishIndex108_Single2_Left.jpg,5,5,5,4.127244971636076
2024_BITS1q_HER_KolobrzeskoDarlowskie_Embedded_Sharpest_FishIndex109_Single1_Right.jpg,11,10,11,7.941451534136076
2024_BITS1q_HER_KolobrzeskoDarlowskie_Embedded_Sharpest_FishIndex109_Single2_Left.jpg,11,9,10,7.620159971636076
2024_BITS1q_HER_KolobrzeskoDarlowskie_Embedded_Sharpest_FishIndex116_Single1_Left.jpg,1,0,0,-1.6222620908639245
2024_BITS1q_HER_KolobrzeskoDarlowskie_Embedded_Sharpest_FishIndex116_Single2_Right.jpg,1,0,1,-1.0278944658639242
2024_BITS1q_HER_KolobrzeskoDarlowskie_Embedded_Sharpest_FishIndex132_Single1_Right.jpg,1,0,0,-3.0258714033639236
2024_BITS1q_HER_KolobrzeskoDarlowskie_Embedded_Sharpest_FishIndex132_Single2_Left.jpg,1,0,0,-4.579636528363924
2024_BITS1q_HER_KolobrzeskoDarlowskie_Embedded_Sharpest_FishIndex138_Single1_Left.jpg,5,4,4,2.5276126591360755
2024_BITS1q_HER_KolobrzeskoDarlowskie_Embedded_Sharpest_FishIndex138_Single2_Right.jpg,5,4,4,2.641341159136076
2024_BITS1q_HER_KolobrzeskoDarlowskie_Embedded_Sharpest_FishIndex155_Single1_Left.jpg,1,0,0,-2.573298340863924
2024_BITS1q_HER_KolobrzeskoDarlowskie_Embedded_Sharpest_FishIndex155_Single2_Right.jpg,1,0,0,-1.8004634033639244
2024_BITS1q_HER_KolobrzeskoDarlowskie_Embedded_Sharpest_FishIndex159_Single1_Left.jpg,9,9,11,7.749616721636075
2024_BITS1q_HER_KolobrzeskoDarlowskie_Embedded_Sharpest_FishIndex159_Single2_Right.jpg,9,7,8,6.027392471636075
2024_BITS1q_HER_KolobrzeskoDarlowskie_Embedded_Sharpest_FishIndex160_Single1_Right.jpg,9,6,6,4.881057784136075
2024_BITS1q_HER_KolobrzeskoDarlowskie_Embedded_Sharpest_FishIndex160_Single2_Left.jpg,9,6,7,5.219455346636076
2024_BITS1q_HER_KolobrzeskoDarlowskie_Embedded_Sharpest_FishIndex164_Single2_Left.jpg,6,7,7,5.293457971636076
2024_BITS1q_HER_KolobrzeskoDarlowskie_Embedded_Sharpest_FishIndex167_Single1_Left.jpg,5,8,8,6.320150471636078
2024_BITS1q_HER_KolobrzeskoDarlowskie_Embedded_Sharpest_FishIndex167_Single2_Right.jpg,5,8,8,6.223184971636075
2024_BITS1q_HER_KolobrzeskoDarlowskie_Embedded_Sharpest_FishIndex171_Single1_Left.jpg,7,10,12,8.365330721636075
2024_BITS1q_HER_KolobrzeskoDarlowskie_Embedded_Sharpest_FishIndex171_Single2_Right.jpg,7,8,8,6.8748947216360765
2024_BITS1q_HER_KolobrzeskoDarlowskie_Embedded_Sharpest_FishIndex20_Single1_Right.jpg,3,3,3,1.8180875966360757
2024_BITS1q_HER_KolobrzeskoDarlowskie_Embedded_Sharpest_FishIndex20_Single2_Left.jpg,3,3,3,1.8412225341360757
2024_BITS1q_HER_KolobrzeskoDarlowskie_Embedded_Sharpest_FishIndex35_Single1_Left.jpg,7,5,4,3.6160595341360757
2024_BITS1q_HER_KolobrzeskoDarlowskie_Embedded_Sharpest_FishIndex35_Single2_Right.jpg,7,5,5,4.196292846636076
2024_BITS1q_HER_KolobrzeskoDarlowskie_Embedded_Sharpest_FishIndex39_Single1_Left.jpg,3,3,3,2.102654909136076
2024_BITS1q_HER_KolobrzeskoDarlowskie_Embedded_Sharpest_FishIndex39_Single2_Right.jpg,3,4,4,3.152684159136076
2024_BITS1q_HER_KolobrzeskoDarlowskie_Embedded_Sharpest_FishIndex44_Single1_Left.jpg,5,4,4,2.7838347216360755
2024_BITS1q_HER_KolobrzeskoDarlowskie_Embedded_Sharpest_FishIndex44_Single2_Right.jpg,5,4,4,2.9885184716360755
2024_BITS1q_HER_KolobrzeskoDarlowskie_Embedded_Sharpest_FishIndex54_Single1_Left.jpg,4,5,4,3.630321659136076
2024_BITS1q_HER_KolobrzeskoDarlowskie_Embedded_Sharpest_FishIndex54_Single2_Right.jpg,4,4,4,3.284870721636076
2024_BITS1q_HER_KolobrzeskoDarlowskie_Embedded_Sharpest_FishIndex58_Single1_Left.jpg,6,4,3,2.504127971636076
2024_BITS1q_HER_KolobrzeskoDarlowskie_Embedded_Sharpest_FishIndex58_Single2_Right.jpg,6,4,4,3.2317757841360755
2024_BITS1q_HER_KolobrzeskoDarlowskie_Embedded_Sharpest_FishIndex63_Single1_Right.jpg,5,8,8,6.121536784136075
2024_BITS1q_HER_KolobrzeskoDarlowskie_Embedded_Sharpest_FishIndex63_Single2_Left.jpg,5,5,5,4.288272846636075
2024_BITS1q_HER_KolobrzeskoDarlowskie_Embedded_Sharpest_FishIndex67_Single1_Right.jpg,1,0,1,-0.5261604033639244
2024_BITS1q_HER_KolobrzeskoDarlowskie_Embedded_Sharpest_FishIndex67_Single2_Left.jpg,1,0,0,-2.222612965863924
2024_BITS1q_HER_KolobrzeskoDarlowskie_Embedded_Sharpest_FishIndex6_Single1_Right.jpg,7,6,6,4.824095346636075
2024_BITS1q_HER_KolobrzeskoDarlowskie_Embedded_Sharpest_FishIndex6_Single2_Left.jpg,7,7,7,5.359145096636077
2024_BITS1q_HER_KolobrzeskoDarlowskie_Embedded_Sharpest_FishIndex73_Single1_Left.jpg,5,5,5,3.7649584716360756
2024_BITS1q_HER_KolobrzeskoDarlowskie_Embedded_Sharpest_FishIndex73_Single2_Right.jpg,5,4,4,2.6707396591360753
2024_BITS1q_HER_KolobrzeskoDarlowskie_Embedded_Sharpest_FishIndex78_Single1_Left.jpg,6,7,7,5.239420909136076
2024_BITS1q_HER_KolobrzeskoDarlowskie_Embedded_Sharpest_FishIndex78_Single2_Right.jpg,6,8,8,6.152881721636076
2024_BITS1q_HER_KolobrzeskoDarlowskie_Embedded_Sharpest_FishIndex79_Single1_Left.jpg,1,0,1,-0.7563449033639243
2024_BITS1q_HER_KolobrzeskoDarlowskie_Embedded_Sharpest_FishIndex79_Single2_Right.jpg,1,0,1,-0.5826272783639246
2024_BITS1q_HER_KolobrzeskoDarlowskie_Embedded_Sharpest_FishIndex80_Single1_Left.jpg,1,0,0,-2.0448327783639244
2024_BITS1q_HER_KolobrzeskoDarlowskie_Embedded_Sharpest_FishIndex80_Single2_Right.jpg,1,0,1,-0.6800202783639244
2024_BITS1q_HER_KolobrzeskoDarlowskie_Embedded_Sharpest_FishIndex8_Single1_Right.jpg,4,6,6,4.466877971636076
2024_BITS1q_HER_KolobrzeskoDarlowskie_Embedded_Sharpest_FishIndex8_Single2_Left.jpg,4,6,6,4.911338846636077
2024_BITS1q_HER_KolobrzeskoDarlowskie_Embedded_Sharpest_FishIndex93_Single1_Left.jpg,10,5,5,4.159243909136075
2024_BITS1q_HER_KolobrzeskoDarlowskie_Embedded_Sharpest_FishIndex93_Single2_Right.jpg,10,8,8,6.218730471636075
2024_BITS1q_HER_RynnaSlupska_Embedded_Sharpest_FishIndex102_Single1_Left.jpg,10,5,4,3.497730784136075
2024_BITS1q_HER_RynnaSlupska_Embedded_Sharpest_FishIndex102_Single2_Right.jpg,10,6,6,4.9909424716360755
2024_BITS1q_HER_RynnaSlupska_Embedded_Sharpest_FishIndex114_Single1_Left.jpg,6,8,8,6.678503971636075
2024_BITS1q_HER_RynnaSlupska_Embedded_Sharpest_FishIndex114_Single2_Right.jpg,6,8,8,6.463878721636076
2024_BITS1q_HER_RynnaSlupska_Embedded_Sharpest_FishIndex118_Single1_Left.jpg,2,1,1,0.5946232841360755
2024_BITS1q_HER_RynnaSlupska_Embedded_Sharpest_FishIndex118_Single2_Right.jpg,2,2,2,0.9761688466360753
2024_BITS1q_HER_RynnaSlupska_Embedded_Sharpest_FishIndex11_Single1_Left.jpg,5,4,4,3.2365139716360756
2024_BITS1q_HER_RynnaSlupska_Embedded_Sharpest_FishIndex11_Single2_Right.jpg,5,4,4,3.0164966591360756
2024_BITS1q_HER_RynnaSlupska_Embedded_Sharpest_FishIndex32_Single1_Left.jpg,3,3,3,2.479716784136075
2024_BITS1q_HER_RynnaSlupska_Embedded_Sharpest_FishIndex32_Single2_Right.jpg,3,4,4,2.9901434091360755
2024_BITS1q_HER_RynnaSlupska_Embedded_Sharpest_FishIndex41_Single1_Left.jpg,1,0,0,-3.014695278363924
2024_BITS1q_HER_RynnaSlupska_Embedded_Sharpest_FishIndex41_Single2_Right.jpg,1,0,1,-1.0718803408639244
2024_BITS1q_HER_RynnaSlupska_Embedded_Sharpest_FishIndex5_Single1_Right.jpg,2,3,3,1.8912684091360754
2024_BITS1q_HER_RynnaSlupska_Embedded_Sharpest_FishIndex5_Single2_Left.jpg,2,3,3,1.8362445966360759
2024_BITS1q_HER_RynnaSlupska_Embedded_Sharpest_FishIndex68_Single1_Left.jpg,3,3,3,1.9544409091360753
2024_BITS1q_HER_RynnaSlupska_Embedded_Sharpest_FishIndex73_Single1_Left.jpg,7,5,5,4.201108971636075
2024_BITS1q_HER_RynnaSlupska_Embedded_Sharpest_FishIndex73_Single2_Right.jpg,7,5,5,3.963318784136076
2024_BITS1q_HER_RynnaSlupska_Embedded_Sharpest_FishIndex78_Single1_Left.jpg,8,9,8,7.044492784136075
2024_BITS1q_HER_RynnaSlupska_Embedded_Sharpest_FishIndex78_Single2_Right.jpg,8,6,6,4.877599784136075
2024_BITS1q_HER_RynnaSlupska_Embedded_Sharpest_FishIndex93_Single1_Right.jpg,2,1,1,0.27809722163607564
2024_BITS1q_HER_RynnaSlupska_Embedded_Sharpest_FishIndex93_Single2_Left.jpg,2,1,1,0.4246519091360756
2024_BITS1q_HER_RynnaSlupska_Embedded_Sharpest_FishIndex94_Single1_Left.jpg,1,1,1,0.029567721636075562
2024_BITS1q_HER_RynnaSlupska_Embedded_Sharpest_FishIndex94_Single2_Right.jpg,1,1,1,0.7625739716360755
2024_BITS1q_HER_RynnaSlupska_Embedded_Sharpest_FishIndex98_Single1_Left.jpg,2,1,1,0.5907307216360757
2024_BITS1q_HER_RynnaSlupska_Embedded_Sharpest_FishIndex98_Single2_Right.jpg,2,1,1,0.5042667841360753
2024_BITS1q_HER_RynnaSlupska_Embedded_Sharpest_FishIndex99_Single1_Right.jpg,2,2,2,1.0116690966360753
2024_BITS1q_HER_RynnaSlupska_Embedded_Sharpest_FishIndex99_Single2_Left.jpg,2,1,1,0.4249144091360755
2024_BITS1q_HER_UsteckoLebskie_Embedded_Sharpest_FishIndex104_Single1_Left.jpg,7,3,3,1.7201709716360756
2024_BITS1q_HER_UsteckoLebskie_Embedded_Sharpest_FishIndex104_Single2_Right.jpg,7,3,3,1.7834322216360756
2024_BITS1q_HER_UsteckoLebskie_Embedded_Sharpest_FishIndex117_Single1_Right.jpg,6,6,6,4.742133721636074
2024_BITS1q_HER_UsteckoLebskie_Embedded_Sharpest_FishIndex117_Single2_Left.jpg,6,6,6,4.510372971636075
2024_BITS1q_HER_UsteckoLebskie_Embedded_Sharpest_FishIndex119_Single2_Left.jpg,5,5,5,3.830525784136076
2024_BITS1q_HER_UsteckoLebskie_Embedded_Sharpest_FishIndex119_Single3_Right.jpg,5,5,5,4.128225409136076
2024_BITS1q_HER_UsteckoLebskie_Embedded_Sharpest_FishIndex133_Single1_Right.jpg,2,2,2,1.3518675341360755
2024_BITS1q_HER_UsteckoLebskie_Embedded_Sharpest_FishIndex133_Single2_Left.jpg,2,2,2,0.7991359091360757
2024_BITS1q_HER_UsteckoLebskie_Embedded_Sharpest_FishIndex13_Single1_Left.jpg,1,0,1,-0.2451003408639245
2024_BITS1q_HER_UsteckoLebskie_Embedded_Sharpest_FishIndex13_Single2_Right.jpg,1,0,1,-0.19334527836392448
2024_BITS1q_HER_UsteckoLebskie_Embedded_Sharpest_FishIndex14_Single2_Left.jpg,4,3,3,2.4003195966360757
2024_BITS1q_HER_UsteckoLebskie_Embedded_Sharpest_FishIndex14_Single3_Right.jpg,4,4,4,2.6045459716360755
2024_BITS1q_HER_UsteckoLebskie_Embedded_Sharpest_FishIndex19_Single1_Left.jpg,3,4,4,2.8356356591360754
2024_BITS1q_HER_UsteckoLebskie_Embedded_Sharpest_FishIndex19_Single2_Right.jpg,3,4,4,2.624623784136076
2024_BITS1q_HER_UsteckoLebskie_Embedded_Sharpest_FishIndex21_Single1_Left.jpg,2,3,3,1.9531405966360755
2024_BITS1q_HER_UsteckoLebskie_Embedded_Sharpest_FishIndex21_Single2_Right.jpg,2,3,3,1.9826822841360756
2024_BITS1q_HER_UsteckoLebskie_Embedded_Sharpest_FishIndex22_Single1_Right.jpg,5,5,4,3.4862967841360755
2024_BITS1q_HER_UsteckoLebskie_Embedded_Sharpest_FishIndex22_Single2_Left.jpg,5,4,4,2.9904346591360755
2024_BITS1q_HER_UsteckoLebskie_Embedded_Sharpest_FishIndex28_Single1_Left.jpg,6,5,5,3.872624471636075
2024_BITS1q_HER_UsteckoLebskie_Embedded_Sharpest_FishIndex28_Single2_Right.jpg,6,5,5,3.7514313466360747
2024_BITS1q_HER_UsteckoLebskie_Embedded_Sharpest_FishIndex36_Single1_Left.jpg,5,6,6,4.743183971636076
2024_BITS1q_HER_UsteckoLebskie_Embedded_Sharpest_FishIndex36_Single2_Right.jpg,5,5,5,3.9660919091360753
2024_BITS1q_HER_UsteckoLebskie_Embedded_Sharpest_FishIndex3_Single1_Left.jpg,1,0,1,-0.03361859086392438
2024_BITS1q_HER_UsteckoLebskie_Embedded_Sharpest_FishIndex3_Single2_Right.jpg,1,0,1,-0.39206434086392467
2024_BITS1q_HER_UsteckoLebskie_Embedded_Sharpest_FishIndex42_Single1_Left.jpg,5,9,8,7.381951846636075
2024_BITS1q_HER_UsteckoLebskie_Embedded_Sharpest_FishIndex42_Single2_Right.jpg,5,8,8,6.809379659136075
2024_BITS1q_HER_UsteckoLebskie_Embedded_Sharpest_FishIndex46_Single1_Left.jpg,5,5,5,3.7874989716360754
2024_BITS1q_HER_UsteckoLebskie_Embedded_Sharpest_FishIndex46_Single2_Right.jpg,5,5,5,4.0025577841360755
2024_BITS1q_HER_UsteckoLebskie_Embedded_Sharpest_FishIndex52_Single1_Right.jpg,4,8,8,6.639081471636076
2024_BITS1q_HER_UsteckoLebskie_Embedded_Sharpest_FishIndex52_Single2_Left.jpg,4,7,7,5.317531659136075
2024_BITS1q_HER_UsteckoLebskie_Embedded_Sharpest_FishIndex54_Single1_Left.jpg,5,6,6,4.736199471636075
2024_BITS1q_HER_UsteckoLebskie_Embedded_Sharpest_FishIndex54_Single2_Right.jpg,5,6,6,4.334298034136075
2024_BITS1q_HER_UsteckoLebskie_Embedded_Sharpest_FishIndex57_Single1_Right.jpg,5,5,4,3.435599409136075
2024_BITS1q_HER_UsteckoLebskie_Embedded_Sharpest_FishIndex57_Single2_Left.jpg,5,5,4,3.5746259716360758
2024_BITS1q_HER_UsteckoLebskie_Embedded_Sharpest_FishIndex61_Single1_Left.jpg,6,7,7,5.538139846636076
2024_BITS1q_HER_UsteckoLebskie_Embedded_Sharpest_FishIndex61_Single2_Right.jpg,6,7,8,5.634751409136076
2024_BITS1q_HER_UsteckoLebskie_Embedded_Sharpest_FishIndex69_Single1_Right.jpg,1,0,1,-0.6089422783639244
2024_BITS1q_HER_UsteckoLebskie_Embedded_Sharpest_FishIndex69_Single2_Left.jpg,1,0,1,-0.17211127836392462
2024_BITS1q_HER_UsteckoLebskie_Embedded_Sharpest_FishIndex77_Single2_Right.jpg,1,0,1,-0.7599054658639245
2024_BITS1q_HER_UsteckoLebskie_Embedded_Sharpest_FishIndex77_Single3_Left.jpg,1,0,1,-1.4227525283639246
2024_BITS1q_HER_UsteckoLebskie_Embedded_Sharpest_FishIndex81_Single1_Right.jpg,1,0,0,-2.8448648408639254
2024_BITS1q_HER_UsteckoLebskie_Embedded_Sharpest_FishIndex81_Single2_Left.jpg,1,0,0,-2.4386784658639247
2024_BITS1q_HER_UsteckoLebskie_Embedded_Sharpest_FishIndex86_Single1_Right.jpg,1,2,2,1.2721282841360757
2024_BITS1q_HER_UsteckoLebskie_Embedded_Sharpest_FishIndex86_Single2_Left.jpg,1,1,1,0.05237297163607539
2024_BITS1q_HER_UsteckoLebskie_Embedded_Sharpest_FishIndex96_Single1_Right.jpg,1,1,1,0.3268604716360755
2024_BITS1q_HER_UsteckoLebskie_Embedded_Sharpest_FishIndex96_Single2_Left.jpg,1,1,1,0.05798997163607554
2024_BITS1q_HER_Wladyslawowskie_Embedded_Sharpest_FishIndex100_Single1_Left.jpg,1,0,1,-0.35936209086392445
2024_BITS1q_HER_Wladyslawowskie_Embedded_Sharpest_FishIndex100_Single2_Right.jpg,1,1,1,0.3243030341360756
2024_BITS1q_HER_Wladyslawowskie_Embedded_Sharpest_FishIndex102_Single2_Right.jpg,1,0,1,-1.0321298408639246
2024_BITS1q_HER_Wladyslawowskie_Embedded_Sharpest_FishIndex111_Single1_Right.jpg,7,5,4,3.6121357216360757
2024_BITS1q_HER_Wladyslawowskie_Embedded_Sharpest_FishIndex111_Single2_Left.jpg,7,6,6,4.555419471636076
2024_BITS1q_HER_Wladyslawowskie_Embedded_Sharpest_FishIndex113_Single1_Right.jpg,2,1,1,0.3824918466360755
2024_BITS1q_HER_Wladyslawowskie_Embedded_Sharpest_FishIndex113_Single2_Left.jpg,2,1,1,0.30822565913607547
2024_BITS1q_HER_Wladyslawowskie_Embedded_Sharpest_FishIndex119_Single1_Left.jpg,1,0,1,-0.5347264033639244
2024_BITS1q_HER_Wladyslawowskie_Embedded_Sharpest_FishIndex119_Single2_Right.jpg,1,0,1,-0.7996062783639244
2024_BITS1q_HER_Wladyslawowskie_Embedded_Sharpest_FishIndex134_Single1_Right.jpg,4,2,2,1.5872109091360755
2024_BITS1q_HER_Wladyslawowskie_Embedded_Sharpest_FishIndex134_Single2_Left.jpg,4,3,3,2.040600596636075
2024_BITS1q_HER_Wladyslawowskie_Embedded_Sharpest_FishIndex1_Single1_Left.jpg,4,4,4,2.564615784136075
2024_BITS1q_HER_Wladyslawowskie_Embedded_Sharpest_FishIndex1_Single2_Right.jpg,4,5,4,3.589513846636075
2024_BITS1q_HER_Wladyslawowskie_Embedded_Sharpest_FishIndex26_Single1_Right.jpg,9,6,6,4.606275971636076
2024_BITS1q_HER_Wladyslawowskie_Embedded_Sharpest_FishIndex26_Single2_Left.jpg,9,8,8,6.500621409136076
2024_BITS1q_HER_Wladyslawowskie_Embedded_Sharpest_FishIndex37_Single1_Left.jpg,6,6,6,4.785156784136077
2024_BITS1q_HER_Wladyslawowskie_Embedded_Sharpest_FishIndex37_Single2_Right.jpg,6,5,4,3.5323897216360756
2024_BITS1q_HER_Wladyslawowskie_Embedded_Sharpest_FishIndex3_Single1_Right.jpg,4,3,3,2.2156699716360753
2024_BITS1q_HER_Wladyslawowskie_Embedded_Sharpest_FishIndex3_Single2_Left.jpg,4,3,3,2.448797221636076
2024_BITS1q_HER_Wladyslawowskie_Embedded_Sharpest_FishIndex46_Single1_Left.jpg,1,0,1,-0.23727577836392436
2024_BITS1q_HER_Wladyslawowskie_Embedded_Sharpest_FishIndex53_Single1_Left.jpg,3,3,3,1.6524907216360756
2024_BITS1q_HER_Wladyslawowskie_Embedded_Sharpest_FishIndex54_Single1_Left.jpg,2,2,2,1.2526139716360756
2024_BITS1q_HER_Wladyslawowskie_Embedded_Sharpest_FishIndex54_Single2_Right.jpg,2,3,3,1.9840305341360756
2024_BITS1q_HER_Wladyslawowskie_Embedded_Sharpest_FishIndex61_Single1_Left.jpg,3,2,2,1.3737289091360756
2024_BITS1q_HER_Wladyslawowskie_Embedded_Sharpest_FishIndex61_Single2_Right.jpg,3,2,2,0.7868417216360757
2024_BITS1q_HER_Wladyslawowskie_Embedded_Sharpest_FishIndex63_Single1_Right.jpg,7,2,2,0.9748315966360755
2024_BITS1q_HER_Wladyslawowskie_Embedded_Sharpest_FishIndex63_Single2_Left.jpg,7,2,2,0.7797889716360754
2024_BITS1q_HER_Wladyslawowskie_Embedded_Sharpest_FishIndex73_Single1_Left.jpg,8,6,6,5.123848971636075
2024_BITS1q_HER_Wladyslawowskie_Embedded_Sharpest_FishIndex73_Single2_Right.jpg,8,5,5,4.106927846636076
2024_BITS1q_HER_Wladyslawowskie_Embedded_Sharpest_FishIndex76_Single1_Right.jpg,3,3,3,2.1919899716360756
2024_BITS1q_HER_Wladyslawowskie_Embedded_Sharpest_FishIndex8_Single1_Right.jpg,6,6,6,4.427327034136075
2024_BITS1q_HER_Wladyslawowskie_Embedded_Sharpest_FishIndex8_Single2_Left.jpg,6,5,5,4.187678846636075
2024_BITS1q_HER_Wladyslawowskie_Embedded_Sharpest_FishIndex9_Single1_Right.jpg,5,4,4,2.8106715966360762
2024_BITS1q_HER_Wladyslawowskie_Embedded_Sharpest_FishIndex9_Single2_Left.jpg,5,4,4,3.0099888466360754
2024_BITS1q_HER_ZatokaGdanska_Embedded_Sharpest_FishIndex100_Single1_Left.jpg,7,7,8,5.865522846636075
2024_BITS1q_HER_ZatokaGdanska_Embedded_Sharpest_FishIndex100_Single2_Right.jpg,7,5,5,4.283579409136076
2024_BITS1q_HER_ZatokaGdanska_Embedded_Sharpest_FishIndex103_Single1_Left.jpg,2,1,1,0.6503417841360757
2024_BITS1q_HER_ZatokaGdanska_Embedded_Sharpest_FishIndex103_Single2_Right.jpg,2,0,1,-0.25090115336392443
2024_BITS1q_HER_ZatokaGdanska_Embedded_Sharpest_FishIndex105_Single1_Left.jpg,2,2,2,1.3446897216360758
2024_BITS1q_HER_ZatokaGdanska_Embedded_Sharpest_FishIndex105_Single2_Right.jpg,2,4,4,2.6518050341360757
2024_BITS1q_HER_ZatokaGdanska_Embedded_Sharpest_FishIndex107_Single1_Right.jpg,3,3,3,2.2652354716360756
2024_BITS1q_HER_ZatokaGdanska_Embedded_Sharpest_FishIndex107_Single2_Left.jpg,3,3,3,2.3298196591360756
2024_BITS1q_HER_ZatokaGdanska_Embedded_Sharpest_FishIndex10_Single1_Left.jpg,1,2,2,0.8165454716360754
2024_BITS1q_HER_ZatokaGdanska_Embedded_Sharpest_FishIndex10_Single2_Right.jpg,1,1,1,0.13993078413607546
2024_BITS1q_HER_ZatokaGdanska_Embedded_Sharpest_FishIndex124_Single1_Left.jpg,8,5,5,4.229735846636076
2024_BITS1q_HER_ZatokaGdanska_Embedded_Sharpest_FishIndex124_Single2_Right.jpg,8,6,7,5.169773659136075
2024_BITS1q_HER_ZatokaGdanska_Embedded_Sharpest_FishIndex126_Single1_Right.jpg,5,5,5,4.204910346636074
2024_BITS1q_HER_ZatokaGdanska_Embedded_Sharpest_FishIndex126_Single2_Left.jpg,5,5,5,3.7388397216360754
2024_BITS1q_HER_ZatokaGdanska_Embedded_Sharpest_FishIndex132_Single1_Right.jpg,5,7,7,5.388172721636076
2024_BITS1q_HER_ZatokaGdanska_Embedded_Sharpest_FishIndex132_Single2_Left.jpg,5,5,5,4.057926846636076
2024_BITS1q_HER_ZatokaGdanska_Embedded_Sharpest_FishIndex135_Single1_Right.jpg,1,2,2,1.0182583466360755
2024_BITS1q_HER_ZatokaGdanska_Embedded_Sharpest_FishIndex135_Single2_Left.jpg,1,0,1,-0.10092540336392439
2024_BITS1q_HER_ZatokaGdanska_Embedded_Sharpest_FishIndex145_Single1_Left.jpg,5,6,6,4.638170346636076
2024_BITS1q_HER_ZatokaGdanska_Embedded_Sharpest_FishIndex145_Single2_Right.jpg,5,6,6,4.828849846636075
2024_BITS1q_HER_ZatokaGdanska_Embedded_Sharpest_FishIndex147_Single1_Left.jpg,5,5,6,4.316145971636074
2024_BITS1q_HER_ZatokaGdanska_Embedded_Sharpest_FishIndex147_Single2_Right.jpg,5,5,5,3.6927216591360756
2024_BITS1q_HER_ZatokaGdanska_Embedded_Sharpest_FishIndex153_Single1_Left.jpg,5,4,4,2.5770535966360755
2024_BITS1q_HER_ZatokaGdanska_Embedded_Sharpest_FishIndex153_Single2_Right.jpg,5,6,6,4.395295034136075
2024_BITS1q_HER_ZatokaGdanska_Embedded_Sharpest_FishIndex168_Single2_Left.jpg,5,5,5,3.7766359716360753
2024_BITS1q_HER_ZatokaGdanska_Embedded_Sharpest_FishIndex168_Single3_Right.jpg,5,5,4,3.5511169716360755
2024_BITS1q_HER_ZatokaGdanska_Embedded_Sharpest_FishIndex170_Single1_Left.jpg,12,13,13,10.215095471636076
2024_BITS1q_HER_ZatokaGdanska_Embedded_Sharpest_FishIndex17_Single1_Left.jpg,1,0,1,-0.6424390283639245
2024_BITS1q_HER_ZatokaGdanska_Embedded_Sharpest_FishIndex17_Single2_Right.jpg,1,0,1,-0.6928300283639246
2024_BITS1q_HER_ZatokaGdanska_Embedded_Sharpest_FishIndex21_Single1_Right.jpg,1,0,1,-0.3944004658639245
2024_BITS1q_HER_ZatokaGdanska_Embedded_Sharpest_FishIndex21_Single2_Left.jpg,1,0,1,-0.0976708408639245
2024_BITS1q_HER_ZatokaGdanska_Embedded_Sharpest_FishIndex33_Single1_Left.jpg,4,3,3,2.1820603466360753
2024_BITS1q_HER_ZatokaGdanska_Embedded_Sharpest_FishIndex33_Single2_Right.jpg,4,4,4,2.628258721636075
2024_BITS1q_HER_ZatokaGdanska_Embedded_Sharpest_FishIndex37_Single1_Right.jpg,5,4,4,3.2202966591360753
2024_BITS1q_HER_ZatokaGdanska_Embedded_Sharpest_FishIndex37_Single2_Left.jpg,5,4,4,3.353331909136075
2024_BITS1q_HER_ZatokaGdanska_Embedded_Sharpest_FishIndex38_Single1_Right.jpg,3,3,3,1.7519197216360753
2024_BITS1q_HER_ZatokaGdanska_Embedded_Sharpest_FishIndex38_Single2_Left.jpg,3,4,4,2.606218409136076
2024_BITS1q_HER_ZatokaGdanska_Embedded_Sharpest_FishIndex45_Single1_Left.jpg,2,4,4,2.577282971636075
2024_BITS1q_HER_ZatokaGdanska_Embedded_Sharpest_FishIndex45_Single2_Right.jpg,2,4,4,2.6607207841360756
2024_BITS1q_HER_ZatokaGdanska_Embedded_Sharpest_FishIndex46_Single1_Left.jpg,2,3,3,2.1657954091360754
2024_BITS1q_HER_ZatokaGdanska_Embedded_Sharpest_FishIndex46_Single2_Right.jpg,2,4,4,2.843197596636075
2024_BITS1q_HER_ZatokaGdanska_Embedded_Sharpest_FishIndex52_Single1_Left.jpg,4,4,4,3.2056479091360757
2024_BITS1q_HER_ZatokaGdanska_Embedded_Sharpest_FishIndex52_Single2_Right.jpg,4,5,4,3.439529659136076
2024_BITS1q_HER_ZatokaGdanska_Embedded_Sharpest_FishIndex5_Single1_Left.jpg,1,0,1,-0.6737041533639243
2024_BITS1q_HER_ZatokaGdanska_Embedded_Sharpest_FishIndex5_Single2_Right.jpg,1,0,1,-1.3249627783639246
2024_BITS1q_HER_ZatokaGdanska_Embedded_Sharpest_FishIndex60_Single1_Right.jpg,5,5,5,4.242400159136075
2024_BITS1q_HER_ZatokaGdanska_Embedded_Sharpest_FishIndex60_Single2_Left.jpg,5,6,6,4.346108909136076
2024_BITS1q_HER_ZatokaGdanska_Embedded_Sharpest_FishIndex62_Single2_Left.jpg,1,1,1,0.3081149716360755
2024_BITS1q_HER_ZatokaGdanska_Embedded_Sharpest_FishIndex62_Single3_Right.jpg,1,0,1,-0.25962084086392434
2024_BITS1q_HER_ZatokaGdanska_Embedded_Sharpest_FishIndex72_Single1_Left.jpg,1,0,1,-0.06497346586392441
2024_BITS1q_HER_ZatokaGdanska_Embedded_Sharpest_FishIndex72_Single2_Right.jpg,1,2,2,0.8781505966360755
2024_BITS1q_HER_ZatokaGdanska_Embedded_Sharpest_FishIndex74_Single1_Left.jpg,1,0,1,-0.1168792158639245
2024_BITS1q_HER_ZatokaGdanska_Embedded_Sharpest_FishIndex74_Single2_Right.jpg,1,0,1,-0.16448409086392438
2024_BITS1q_HER_ZatokaGdanska_Embedded_Sharpest_FishIndex76_Single1_Left.jpg,1,0,1,-0.6288024033639243
2024_BITS1q_HER_ZatokaGdanska_Embedded_Sharpest_FishIndex76_Single2_Right.jpg,1,0,1,-0.1944492783639245
2024_BITS1q_HER_ZatokaGdanska_Embedded_Sharpest_FishIndex83_Single1_Right.jpg,1,0,1,-1.4072438408639247
2024_BITS1q_HER_ZatokaGdanska_Embedded_Sharpest_FishIndex83_Single2_Left.jpg,1,0,1,-0.9192084658639246
2024_BITS1q_HER_ZatokaGdanska_Embedded_Sharpest_FishIndex94_Single1_Left.jpg,3,3,3,2.359127971636075
2024_BITS1q_HER_ZatokaGdanska_Embedded_Sharpest_FishIndex94_Single2_Right.jpg,3,4,4,2.7881337216360755
2024_BITS1q_HER_ZatokaGdanska_Embedded_Sharpest_FishIndex98_Single1_Left.jpg,4,5,5,3.860229971636075
2024_BITS1q_HER_ZatokaGdanska_Embedded_Sharpest_FishIndex98_Single2_Right.jpg,4,6,6,4.680873846636075
2024_BITS4q_HER_BornholmskieS_Embedded_Sharpest_FishIndex14_Single1_Left.jpg,0,0,0,-1.9191512783639246
2024_BITS4q_HER_BornholmskieS_Embedded_Sharpest_FishIndex14_Single2_Right.jpg,0,0,0,-3.0945015283639243
2024_BITS4q_HER_BornholmskieS_Embedded_Sharpest_FishIndex16_Single1_Left.jpg,2,4,4,3.3674504716360754
2024_BITS4q_HER_BornholmskieS_Embedded_Sharpest_FishIndex16_Single2_Right.jpg,2,4,4,3.1935587841360755
2024_BITS4q_HER_BornholmskieS_Embedded_Sharpest_FishIndex18_Single1_Left.jpg,3,8,8,6.381345346636076
2024_BITS4q_HER_BornholmskieS_Embedded_Sharpest_FishIndex18_Single2_Right.jpg,3,7,8,5.962211034136077
2024_BITS4q_HER_BornholmskieS_Embedded_Sharpest_FishIndex1_Single1_Left.jpg,0,0,0,-3.6434288408639253
2024_BITS4q_HER_BornholmskieS_Embedded_Sharpest_FishIndex1_Single2_Right.jpg,0,0,1,-1.4513639658639246
2024_BITS4q_HER_BornholmskieS_Embedded_Sharpest_FishIndex22_Single3_Right.jpg,2,4,4,2.7667555966360755
2024_BITS4q_HER_BornholmskieS_Embedded_Sharpest_FishIndex43_Single1_Right.jpg,5,7,8,5.592034409136076
2024_BITS4q_HER_BornholmskieS_Embedded_Sharpest_FishIndex43_Single2_Left.jpg,5,5,5,4.005298721636075
2024_BITS4q_HER_BornholmskieS_Embedded_Sharpest_FishIndex47_Single1_Right.jpg,5,5,5,4.202661471636076
2024_BITS4q_HER_BornholmskieS_Embedded_Sharpest_FishIndex47_Single2_Left.jpg,5,5,5,4.079346159136076
2024_BITS4q_HER_BornholmskieS_Embedded_Sharpest_FishIndex49_Single1_Right.jpg,6,6,6,4.940656784136075
2024_BITS4q_HER_BornholmskieS_Embedded_Sharpest_FishIndex49_Single2_Left.jpg,6,6,6,4.436193471636075
2024_BITS4q_HER_BornholmskieS_Embedded_Sharpest_FishIndex64_Single1_Right.jpg,7,5,5,4.230151159136076
2024_BITS4q_HER_BornholmskieS_Embedded_Sharpest_FishIndex64_Single2_Left.jpg,7,7,7,5.324150971636076
2024_BITS4q_HER_BornholmskieS_Embedded_Sharpest_FishIndex66_Single1_Left.jpg,5,6,6,4.6991071591360765
2024_BITS4q_HER_BornholmskieS_Embedded_Sharpest_FishIndex66_Single2_Right.jpg,5,5,5,4.017759409136076
2024_BITS4q_HER_BornholmskieS_Embedded_Sharpest_FishIndex67_Single1_Left.jpg,4,5,4,3.577810159136076
2024_BITS4q_HER_BornholmskieS_Embedded_Sharpest_FishIndex67_Single2_Right.jpg,4,6,7,5.153659846636075
2024_BITS4q_HER_BornholmskieS_Embedded_Sharpest_FishIndex76_Single1_Left.jpg,5,3,3,2.182495721636075
2024_BITS4q_HER_BornholmskieS_Embedded_Sharpest_FishIndex76_Single2_Right.jpg,5,5,5,3.6431559716360757
2024_BITS4q_HER_BornholmskieS_Embedded_Sharpest_FishIndex80_Single1_Left.jpg,5,6,6,4.591449784136075
2024_BITS4q_HER_BornholmskieS_Embedded_Sharpest_FishIndex80_Single2_Right.jpg,5,7,8,5.734268159136075
2024_BITS4q_HER_BornholmskieS_Embedded_Sharpest_FishIndex83_Single1_Right.jpg,4,5,6,4.297440471636076
2024_BITS4q_HER_BornholmskieS_Embedded_Sharpest_FishIndex83_Single2_Left.jpg,4,5,5,3.7658987216360758
2024_BITS4q_HER_BornholmskieS_Embedded_Sharpest_FishIndex8_Single1_Right.jpg,0,0,0,-1.6777722783639246
