image_id,target_age,predicted_age_production,predicted_age_best,g
2022_BIAS_HER_GlebiaGdanska_Embedded_Sharpest_FishIndex19_Single2_Left.jpg,6,4,4,3.5095162047531754
2022_BIAS_HER_GlebiaGdanska_Embedded_Sharpest_FishIndex25_Single1_Left.jpg,6,9,8,7.224982204753175
2022_BIAS_HER_GlebiaGdanska_Embedded_Sharpest_FishIndex25_Single2_Right.jpg,6,7,8,6.083958642253175
2022_BIAS_HER_GlebiaGdanska_Embedded_Sharpest_FishIndex52_Single1_Left.jpg,3,3,3,2.0360153297531753
2022_BIAS_HER_GlebiaGdanska_Embedded_Sharpest_FishIndex52_Single2_Right.jpg,3,2,2,1.5399351422531757
2022_BIAS_HER_GlebiaGdanska_Embedded_Sharpest_FishIndex54_Single1_Right.jpg,6,7,7,5.777346079753176
2022_BIAS_HER_GlebiaGdanska_Embedded_Sharpest_FishIndex54_Single2_Left.jpg,6,6,6,4.658255579753176
2022_BIAS_HER_GlebiaGdanska_Embedded_Sharpest_FishIndex5_Single1_Right.jpg,3,3,3,2.1744202672531756
2022_BIAS_HER_GlebiaGdanska_Embedded_Sharpest_FishIndex5_Single2_Left.jpg,3,3,3,2.4839739547531754
2022_BIAS_HER_GlebiaGdanska_Embedded_Sharpest_FishIndex65_Single1_Right.jpg,7,7,8,6.088507142253175
2022_BIAS_HER_GlebiaGdanska_Embedded_Sharpest_FishIndex65_Single2_Left.jpg,7,7,8,6.177063017253175
2022_BIAS_HER_GlebiaGdanska_Embedded_Sharpest_FishIndex69_Single1_Left.jpg,8,9,9,7.707715017253175
2022_BIAS_HER_GlebiaGdanska_Embedded_Sharpest_FishIndex69_Single2_Right.jpg,8,8,8,7.0210662047531756
2022_BIAS_HER_GlebiaGdanska_Embedded_Sharpest_FishIndex72_Single1_Left.jpg,7,5,5,4.240091954753176
2022_BIAS_HER_GlebiaGdanska_Embedded_Sharpest_FishIndex72_Single2_Right.jpg,7,7,7,5.705710954753175
2022_BIAS_HER_GlebiaGdanska_Embedded_Sharpest_FishIndex76_Single1_Left.jpg,2,2,2,1.4507572047531756
2022_BIAS_HER_GlebiaGdanska_Embedded_Sharpest_FishIndex76_Single2_Right.jpg,2,3,3,1.7975554547531756
2022_BIAS_HER_GlebiaGdanska_Embedded_Sharpest_FishIndex85_Single1_Right.jpg,1,3,3,2.4840808297531756
2022_BIAS_HER_GlebiaGdanska_Embedded_Sharpest_FishIndex85_Single2_Left.jpg,1,2,2,1.0060818297531755
2022_BIAS_HER_KolobrzeskoDarlowskie_Embedded_Sharpest_FishIndex103_Single1_Right.jpg,4,5,5,4.208556142253175
2022_BIAS_HER_KolobrzeskoDarlowskie_Embedded_Sharpest_FishIndex103_Single2_Left.jpg,4,4,4,3.1241430172531754
2022_BIAS_HER_KolobrzeskoDarlowskie_Embedded_Sharpest_FishIndex106_Single1_Left.jpg,0,0,0,-2.333172295246825
2022_BIAS_HER_KolobrzeskoDarlowskie_Embedded_Sharpest_FishIndex106_Single2_Right.jpg,0,0,0,-8.941389107746824
2022_BIAS_HER_KolobrzeskoDarlowskie_Embedded_Sharpest_FishIndex117_Single1_Left.jpg,3,3,3,1.9469577047531752
2022_BIAS_HER_KolobrzeskoDarlowskie_Embedded_Sharpest_FishIndex117_Single2_Right.jpg,3,3,3,1.9475947672531757
2022_BIAS_HER_KolobrzeskoDarlowskie_Embedded_Sharpest_FishIndex36_Single1_Right.jpg,3,5,4,3.6008349547531755
2022_BIAS_HER_KolobrzeskoDarlowskie_Embedded_Sharpest_FishIndex37_Single1_Left.jpg,4,3,3,2.1556330172531757
2022_BIAS_HER_KolobrzeskoDarlowskie_Embedded_Sharpest_FishIndex37_Single2_Right.jpg,4,3,3,2.2281674547531756
2022_BIAS_HER_KolobrzeskoDarlowskie_Embedded_Sharpest_FishIndex45_Single1_Left.jpg,1,0,1,-0.7810294202468249
2022_BIAS_HER_KolobrzeskoDarlowskie_Embedded_Sharpest_FishIndex45_Single2_Right.jpg,1,1,1,0.5910483922531753
2022_BIAS_HER_KolobrzeskoDarlowskie_Embedded_Sharpest_FishIndex4_Single1_Right.jpg,3,3,3,2.3034380797531755
2022_BIAS_HER_KolobrzeskoDarlowskie_Embedded_Sharpest_FishIndex4_Single2_Left.jpg,3,3,3,2.0685495172531754
2022_BIAS_HER_KolobrzeskoDarlowskie_Embedded_Sharpest_FishIndex57_Single1_Right.jpg,2,2,2,0.9710796422531753
2022_BIAS_HER_KolobrzeskoDarlowskie_Embedded_Sharpest_FishIndex57_Single2_Left.jpg,2,3,3,1.7900361422531752
2022_BIAS_HER_KolobrzeskoDarlowskie_Embedded_Sharpest_FishIndex5_Single1_Right.jpg,3,4,4,2.584390579753175
2022_BIAS_HER_KolobrzeskoDarlowskie_Embedded_Sharpest_FishIndex5_Single2_Left.jpg,3,4,4,2.9523205797531746
2022_BIAS_HER_KolobrzeskoDarlowskie_Embedded_Sharpest_FishIndex65_Single1_Left.jpg,0,0,0,-2.9293616702468244
2022_BIAS_HER_KolobrzeskoDarlowskie_Embedded_Sharpest_FishIndex70_Single1_Left.jpg,0,0,0,-8.713360107746825
2022_BIAS_HER_KolobrzeskoDarlowskie_Embedded_Sharpest_FishIndex97_Single1_Left.jpg,0,0,0,-8.143232357746825
2022_BIAS_HER_UsteckoLebskie_Embedded_Sharpest_FishIndex18_Single1_Left.jpg,3,3,3,1.7023862672531755
2022_BIAS_HER_UsteckoLebskie_Embedded_Sharpest_FishIndex18_Single2_Right.jpg,3,4,4,3.203717829753175
2022_BIAS_HER_UsteckoLebskie_Embedded_Sharpest_FishIndex20_Single1_Right.jpg,3,3,3,2.121159329753175
2022_BIAS_HER_UsteckoLebskie_Embedded_Sharpest_FishIndex20_Single2_Left.jpg,3,3,4,2.5587891422531754
2022_BIAS_HER_UsteckoLebskie_Embedded_Sharpest_FishIndex41_Single2_Right.jpg,3,3,3,2.501818142253175
2022_BIAS_HER_UsteckoLebskie_Embedded_Sharpest_FishIndex45_Single1_Left.jpg,3,4,4,2.689731017253176
2022_BIAS_HER_UsteckoLebskie_Embedded_Sharpest_FishIndex45_Single2_Right.jpg,3,3,3,2.280723767253176
2022_BIAS_HER_UsteckoLebskie_Embedded_Sharpest_FishIndex47_Single1_Left.jpg,4,3,3,2.5117048922531757
2022_BIAS_HER_UsteckoLebskie_Embedded_Sharpest_FishIndex47_Single2_Right.jpg,4,4,4,3.1891880172531755
2022_BIAS_HER_UsteckoLebskie_Embedded_Sharpest_FishIndex49_Single1_Right.jpg,2,2,2,1.4948415172531755
2022_BIAS_HER_UsteckoLebskie_Embedded_Sharpest_FishIndex49_Single2_Left.jpg,2,2,2,1.0126259547531755
2022_BIAS_HER_UsteckoLebskie_Embedded_Sharpest_FishIndex50_Single1_Right.jpg,2,3,3,2.3073776422531758
2022_BIAS_HER_UsteckoLebskie_Embedded_Sharpest_FishIndex50_Single2_Left.jpg,2,3,3,2.0565309547531756
2022_BIAS_HER_UsteckoLebskie_Embedded_Sharpest_FishIndex5_Single1_Left.jpg,1,3,3,1.8880949547531756
2022_BIAS_HER_UsteckoLebskie_Embedded_Sharpest_FishIndex5_Single2_Right.jpg,1,1,1,0.7209930172531755
2022_BIAS_HER_UsteckoLebskie_Embedded_Sharpest_FishIndex8_Single1_Left.jpg,3,3,3,2.436922079753175
2022_BIAS_HER_UsteckoLebskie_Embedded_Sharpest_FishIndex8_Single2_Right.jpg,3,3,3,2.363159142253175
2022_BIAS_HER_UsteckoLebskie_Embedded_Sharpest_FishIndex9_Single1_Left.jpg,5,5,5,4.0829639547531755
2022_BIAS_HER_UsteckoLebskie_Embedded_Sharpest_FishIndex9_Single2_Right.jpg,5,6,6,5.036193329753176
2022_BIAS_HER_Wladyslawowskie_Embedded_Sharpest_FishIndex15_Single1_Left.jpg,5,5,5,4.005677142253175
2022_BIAS_HER_Wladyslawowskie_Embedded_Sharpest_FishIndex15_Single2_Right.jpg,5,5,5,3.963003079753176
2022_BIAS_HER_Wladyslawowskie_Embedded_Sharpest_FishIndex17_Single1_Right.jpg,5,5,5,3.9414403297531755
2022_BIAS_HER_Wladyslawowskie_Embedded_Sharpest_FishIndex17_Single2_Left.jpg,5,4,4,3.5182673297531752
2022_BIAS_HER_Wladyslawowskie_Embedded_Sharpest_FishIndex36_Single1_Left.jpg,3,3,3,2.1858391422531755
2022_BIAS_HER_Wladyslawowskie_Embedded_Sharpest_FishIndex36_Single2_Right.jpg,3,3,4,2.568767017253175
2022_BIAS_HER_Wladyslawowskie_Embedded_Sharpest_FishIndex44_Single1_Left.jpg,4,3,3,2.487504017253176
2022_BIAS_HER_Wladyslawowskie_Embedded_Sharpest_FishIndex44_Single2_Right.jpg,4,4,4,3.1755009547531747
2022_BIAS_HER_Wladyslawowskie_Embedded_Sharpest_FishIndex45_Single1_Left.jpg,3,3,3,2.3419232047531753
2022_BIAS_HER_Wladyslawowskie_Embedded_Sharpest_FishIndex45_Single2_Right.jpg,3,3,3,1.9498402047531753
2022_BIAS_HER_Wladyslawowskie_Embedded_Sharpest_FishIndex47_Single1_Left.jpg,2,3,3,1.8357000172531754
2022_BIAS_HER_Wladyslawowskie_Embedded_Sharpest_FishIndex47_Single2_Right.jpg,2,2,2,1.4539460797531754
2022_BIAS_HER_Wladyslawowskie_Embedded_Sharpest_FishIndex48_Single1_Left.jpg,8,6,6,5.150277079753175
2022_BIAS_HER_Wladyslawowskie_Embedded_Sharpest_FishIndex48_Single2_Right.jpg,8,7,7,5.6717678297531755
2022_BIAS_HER_Wladyslawowskie_Embedded_Sharpest_FishIndex50_Single1_Left.jpg,4,0,1,-0.18159392024682464
2022_BIAS_HER_Wladyslawowskie_Embedded_Sharpest_FishIndex51_Single1_Left.jpg,8,7,7,5.553949329753175
2022_BIAS_HER_Wladyslawowskie_Embedded_Sharpest_FishIndex51_Single2_Right.jpg,8,6,7,5.344883017253176
2022_BIAS_HER_Wladyslawowskie_Embedded_Sharpest_FishIndex54_Single1_Right.jpg,3,4,4,3.1604438297531754
2022_BIAS_HER_Wladyslawowskie_Embedded_Sharpest_FishIndex54_Single2_Left.jpg,3,4,4,3.1120845172531753
2022_BIAS_HER_Wladyslawowskie_Embedded_Sharpest_FishIndex6_Single1_Left.jpg,5,5,4,3.6448337672531745
2022_BIAS_HER_Wladyslawowskie_Embedded_Sharpest_FishIndex6_Single2_Right.jpg,5,3,3,2.063199017253175
2022_BIAS_HER_Wladyslawowskie_Embedded_Sharpest_FishIndex7_Single1_Right.jpg,3,4,4,2.650834454753175
2022_BIAS_HER_Wladyslawowskie_Embedded_Sharpest_FishIndex7_Single2_Left.jpg,3,3,3,2.532593204753175
2022_BIAS_HER_ZatokaGdanska_Embedded_Sharpest_FishIndex100_Single1_Right.jpg,8,4,4,2.605673017253175
2022_BIAS_HER_ZatokaGdanska_Embedded_Sharpest_FishIndex19_Single1_Left.jpg,1,0,0,-3.8472344202468243
2022_BIAS_HER_ZatokaGdanska_Embedded_Sharpest_FishIndex19_Single2_Right.jpg,1,0,0,-5.894269420246825
2022_BIAS_HER_ZatokaGdanska_Embedded_Sharpest_FishIndex24_Single1_Left.jpg,1,4,4,3.540551267253176
2022_BIAS_HER_ZatokaGdanska_Embedded_Sharpest_FishIndex24_Single2_Right.jpg,1,3,3,2.3101813297531755
2022_BIAS_HER_ZatokaGdanska_Embedded_Sharpest_FishIndex28_Single1_Right.jpg,1,0,0,-7.640759045246825
2022_BIAS_HER_ZatokaGdanska_Embedded_Sharpest_FishIndex28_Single2_Left.jpg,1,0,0,-1.5583121702468246
2022_BIAS_HER_ZatokaGdanska_Embedded_Sharpest_FishIndex34_Single1_Left.jpg,6,2,2,1.0074470797531752
2022_BIAS_HER_ZatokaGdanska_Embedded_Sharpest_FishIndex34_Single2_Right.jpg,6,1,1,0.03681089225317553
2022_BIAS_HER_ZatokaGdanska_Embedded_Sharpest_FishIndex37_Single1_Left.jpg,3,3,3,1.6832467047531752
2022_BIAS_HER_ZatokaGdanska_Embedded_Sharpest_FishIndex37_Single2_Right.jpg,3,0,1,-0.2118686077468246
2022_BIAS_HER_ZatokaGdanska_Embedded_Sharpest_FishIndex38_Single1_Left.jpg,1,4,4,3.2482949547531756
2022_BIAS_HER_ZatokaGdanska_Embedded_Sharpest_FishIndex38_Single2_Right.jpg,1,3,3,1.6476147672531756
2022_BIAS_HER_ZatokaGdanska_Embedded_Sharpest_FishIndex40_Single1_Left.jpg,3,1,1,0.2332821422531753
2022_BIAS_HER_ZatokaGdanska_Embedded_Sharpest_FishIndex40_Single2_Right.jpg,3,2,2,1.3819405797531754
2022_BIAS_HER_ZatokaGdanska_Embedded_Sharpest_FishIndex45_Single1_Left.jpg,5,2,2,1.1629180172531752
2022_BIAS_HER_ZatokaGdanska_Embedded_Sharpest_FishIndex45_Single2_Right.jpg,5,2,2,1.4904418922531752
2022_BIAS_HER_ZatokaGdanska_Embedded_Sharpest_FishIndex49_Single1_Left.jpg,4,6,6,4.935221767253175
2022_BIAS_HER_ZatokaGdanska_Embedded_Sharpest_FishIndex49_Single2_Right.jpg,4,6,6,4.584104517253175
2022_BIAS_HER_ZatokaGdanska_Embedded_Sharpest_FishIndex65_Single1_Right.jpg,4,6,6,5.072421079753175
2022_BIAS_HER_ZatokaGdanska_Embedded_Sharpest_FishIndex65_Single2_Left.jpg,4,7,7,5.693089517253176
2022_BIAS_HER_ZatokaGdanska_Embedded_Sharpest_FishIndex79_Single1_Left.jpg,3,5,5,3.954084267253175
2022_BIAS_HER_ZatokaGdanska_Embedded_Sharpest_FishIndex84_Single1_Right.jpg,5,8,8,6.8608270172531745
2022_BIAS_HER_ZatokaGdanska_Embedded_Sharpest_FishIndex84_Single2_Left.jpg,5,8,8,6.732726079753175
2022_BIAS_HER_ZatokaGdanska_Embedded_Sharpest_FishIndex91_Single1_Left.jpg,6,0,1,-0.7932397327468246
2022_BIAS_HER_ZatokaGdanska_Embedded_Sharpest_FishIndex91_Single2_Right.jpg,6,3,3,2.499382017253175
2022_BIAS_HER_ZatokaGdanska_Embedded_Sharpest_FishIndex92_Single1_Left.jpg,4,4,4,2.940650017253175
2022_BIAS_HER_ZatokaGdanska_Embedded_Sharpest_FishIndex92_Single2_Right.jpg,4,2,2,1.2986578922531753
2022_BITS4q_HER_GlebiaGdanska_Embedded_Sharpest_FishIndex11_Single1_Right.jpg,3,3,4,2.548233017253175
2022_BITS4q_HER_GlebiaGdanska_Embedded_Sharpest_FishIndex11_Single2_Left.jpg,3,4,4,2.6023750172531748
2022_BITS4q_HER_GlebiaGdanska_Embedded_Sharpest_FishIndex22_Single1_Left.jpg,7,5,5,4.020956017253175
2022_BITS4q_HER_GlebiaGdanska_Embedded_Sharpest_FishIndex22_Single2_Right.jpg,7,6,7,5.315022954753176
2022_BITS4q_HER_GlebiaGdanska_Embedded_Sharpest_FishIndex26_Single1_Left.jpg,3,4,4,2.6976129547531746
2022_BITS4q_HER_GlebiaGdanska_Embedded_Sharpest_FishIndex26_Single2_Right.jpg,3,3,3,2.4465839547531756
2022_BITS4q_HER_GlebiaGdanska_Embedded_Sharpest_FishIndex27_Single1_Left.jpg,5,4,4,3.487019017253175
2022_BITS4q_HER_GlebiaGdanska_Embedded_Sharpest_FishIndex27_Single2_Right.jpg,5,3,3,2.059102392253175
2022_BITS4q_HER_GlebiaGdanska_Embedded_Sharpest_FishIndex35_Single1_Right.jpg,5,6,6,4.810135954753175
2022_BITS4q_HER_GlebiaGdanska_Embedded_Sharpest_FishIndex35_Single2_Left.jpg,5,4,4,3.356383392253175
2022_BITS4q_HER_GlebiaGdanska_Embedded_Sharpest_FishIndex41_Single1_Left.jpg,5,4,4,3.498675267253175
2022_BITS4q_HER_GlebiaGdanska_Embedded_Sharpest_FishIndex41_Single2_Right.jpg,5,5,5,4.324088079753175
2022_BITS4q_HER_GlebiaGdanska_Embedded_Sharpest_FishIndex47_Single1_Right.jpg,3,3,3,2.0797863297531753
2022_BITS4q_HER_GlebiaGdanska_Embedded_Sharpest_FishIndex47_Single2_Left.jpg,3,3,3,2.065799829753175
2022_BITS4q_HER_GlebiaGdanska_Embedded_Sharpest_FishIndex56_Single1_Left.jpg,8,8,8,6.465230954753175
2022_BITS4q_HER_GlebiaGdanska_Embedded_Sharpest_FishIndex56_Single2_Right.jpg,8,6,6,4.556654954753174
2022_BITS4q_HER_GlebiaGdanska_Embedded_Sharpest_FishIndex5_Single1_Left.jpg,3,4,4,2.860297142253175
2022_BITS4q_HER_GlebiaGdanska_Embedded_Sharpest_FishIndex5_Single2_Right.jpg,3,4,4,2.767726954753175
2022_BITS4q_HER_GlebiaGdanska_Embedded_Sharpest_FishIndex60_Single1_Right.jpg,3,4,4,2.6479600797531755
2022_BITS4q_HER_GlebiaGdanska_Embedded_Sharpest_FishIndex60_Single2_Left.jpg,3,3,3,1.8118049547531756
2022_BITS4q_HER_GlebiaGdanska_Embedded_Sharpest_FishIndex6_Single1_Right.jpg,2,3,3,1.9005422047531755
2022_BITS4q_HER_GlebiaGdanska_Embedded_Sharpest_FishIndex6_Single2_Left.jpg,2,3,3,1.9364061422531753
2022_BITS4q_HER_GlebiaGdanska_Embedded_Sharpest_FishIndex76_Single1_Right.jpg,5,4,4,3.3918360797531757
2022_BITS4q_HER_GlebiaGdanska_Embedded_Sharpest_FishIndex76_Single2_Left.jpg,5,6,6,4.640820517253176
2022_BITS4q_HER_GlebiaGdanska_Embedded_Sharpest_FishIndex7_Single1_Right.jpg,3,3,3,2.2115782672531754
2022_BITS4q_HER_GlebiaGdanska_Embedded_Sharpest_FishIndex88_Single1_Right.jpg,4,2,3,1.6217730797531753
2022_BITS4q_HER_GlebiaGdanska_Embedded_Sharpest_FishIndex88_Single2_Left.jpg,4,4,4,2.5912857672531753
2022_BITS4q_HER_GotlandzkieS_Embedded_Sharpest_FishIndex17_Single1_Right.jpg,4,4,4,2.8944268922531746
2022_BITS4q_HER_GotlandzkieS_Embedded_Sharpest_FishIndex17_Single2_Left.jpg,4,4,4,3.0608980172531757
2022_BITS4q_HER_GotlandzkieS_Embedded_Sharpest_FishIndex19_Single1_Right.jpg,3,3,3,2.4553137047531752
2022_BITS4q_HER_GotlandzkieS_Embedded_Sharpest_FishIndex19_Single2_Left.jpg,3,3,3,2.217708329753176
2022_BITS4q_HER_GotlandzkieS_Embedded_Sharpest_FishIndex30_Single1_Left.jpg,5,5,4,3.6400212047531753
2022_BITS4q_HER_GotlandzkieS_Embedded_Sharpest_FishIndex30_Single2_Right.jpg,5,5,5,4.121308267253175
2022_BITS4q_HER_GotlandzkieS_Embedded_Sharpest_FishIndex38_Single1_Right.jpg,2,1,1,0.45649907975317533
2022_BITS4q_HER_GotlandzkieS_Embedded_Sharpest_FishIndex38_Single2_Left.jpg,2,2,2,1.3528380172531755
2022_BITS4q_HER_GotlandzkieS_Embedded_Sharpest_FishIndex39_Single1_Left.jpg,5,5,5,3.8148983297531753
2022_BITS4q_HER_GotlandzkieS_Embedded_Sharpest_FishIndex39_Single2_Right.jpg,5,5,5,4.071334954753175
2022_BITS4q_HER_GotlandzkieS_Embedded_Sharpest_FishIndex42_Single1_Left.jpg,4,3,4,2.5476922047531754
2022_BITS4q_HER_GotlandzkieS_Embedded_Sharpest_FishIndex42_Single2_Right.jpg,4,4,4,3.164223704753175
2022_BITS4q_HER_GotlandzkieS_Embedded_Sharpest_FishIndex45_Single1_Right.jpg,3,3,3,2.2496357672531753
2022_BITS4q_HER_GotlandzkieS_Embedded_Sharpest_FishIndex45_Single2_Left.jpg,3,3,3,2.523921454753176
2022_BITS4q_HER_GotlandzkieS_Embedded_Sharpest_FishIndex55_Single1_Left.jpg,2,3,3,1.7183390172531752
2022_BITS4q_HER_GotlandzkieS_Embedded_Sharpest_FishIndex55_Single2_Right.jpg,2,3,3,2.0989499547531754
2022_BITS4q_HER_GotlandzkieS_Embedded_Sharpest_FishIndex61_Single1_Left.jpg,3,3,3,2.2034611422531754
2022_BITS4q_HER_GotlandzkieS_Embedded_Sharpest_FishIndex61_Single2_Right.jpg,3,3,3,2.0225239547531753
2022_BITS4q_HER_GotlandzkieS_Embedded_Sharpest_FishIndex7_Single1_Left.jpg,3,3,3,2.2292628297531754
2022_BITS4q_HER_GotlandzkieS_Embedded_Sharpest_FishIndex7_Single2_Right.jpg,3,2,3,1.6184930797531756
2022_BITS4q_HER_GotlandzkieS_Embedded_Sharpest_FishIndex81_Single1_Right.jpg,3,3,3,2.012238329753176
2022_BITS4q_HER_GotlandzkieS_Embedded_Sharpest_FishIndex81_Single2_Left.jpg,3,3,3,2.0169354547531757
2022_BITS4q_HER_KolobrzeskoDarlowskie_Embedded_Sharpest_FishIndex109_Single1_Right.jpg,6,6,7,5.348591267253176
2022_BITS4q_HER_KolobrzeskoDarlowskie_Embedded_Sharpest_FishIndex109_Single2_Left.jpg,6,6,7,5.4113401422531755
2022_BITS4q_HER_KolobrzeskoDarlowskie_Embedded_Sharpest_FishIndex110_Single1_Right.jpg,11,12,12,10.322915892253176
2022_BITS4q_HER_KolobrzeskoDarlowskie_Embedded_Sharpest_FishIndex110_Single2_Left.jpg,11,13,12,10.569620079753177
2022_BITS4q_HER_KolobrzeskoDarlowskie_Embedded_Sharpest_FishIndex116_Single1_Left.jpg,3,3,3,2.2310971422531756
2022_BITS4q_HER_KolobrzeskoDarlowskie_Embedded_Sharpest_FishIndex116_Single2_Right.jpg,3,3,3,2.1626258297531753
2022_BITS4q_HER_KolobrzeskoDarlowskie_Embedded_Sharpest_FishIndex18_Single1_Right.jpg,3,3,3,1.8968903922531757
2022_BITS4q_HER_KolobrzeskoDarlowskie_Embedded_Sharpest_FishIndex18_Single2_Left.jpg,3,3,3,1.9390105172531753
2022_BITS4q_HER_KolobrzeskoDarlowskie_Embedded_Sharpest_FishIndex24_Single1_Right.jpg,4,4,4,3.3116993297531754
2022_BITS4q_HER_KolobrzeskoDarlowskie_Embedded_Sharpest_FishIndex24_Single2_Left.jpg,4,4,4,3.1828944547531752
2022_BITS4q_HER_KolobrzeskoDarlowskie_Embedded_Sharpest_FishIndex26_Single1_Left.jpg,1,1,1,0.2853368922531755
2022_BITS4q_HER_KolobrzeskoDarlowskie_Embedded_Sharpest_FishIndex26_Single2_Right.jpg,1,1,1,0.5371885172531753
2022_BITS4q_HER_KolobrzeskoDarlowskie_Embedded_Sharpest_FishIndex42_Single1_Left.jpg,3,2,2,0.9145821422531755
2022_BITS4q_HER_KolobrzeskoDarlowskie_Embedded_Sharpest_FishIndex42_Single2_Right.jpg,3,3,3,1.8079900797531752
2022_BITS4q_HER_KolobrzeskoDarlowskie_Embedded_Sharpest_FishIndex46_Single1_Right.jpg,4,5,5,3.752356017253175
2022_BITS4q_HER_KolobrzeskoDarlowskie_Embedded_Sharpest_FishIndex46_Single2_Left.jpg,4,4,4,3.460534079753175
2022_BITS4q_HER_KolobrzeskoDarlowskie_Embedded_Sharpest_FishIndex47_Single1_Right.jpg,4,4,4,3.5227389547531756
2022_BITS4q_HER_KolobrzeskoDarlowskie_Embedded_Sharpest_FishIndex47_Single2_Left.jpg,4,5,5,3.9368887672531754
2022_BITS4q_HER_KolobrzeskoDarlowskie_Embedded_Sharpest_FishIndex53_Single1_Right.jpg,5,6,6,4.681058954753176
2022_BITS4q_HER_KolobrzeskoDarlowskie_Embedded_Sharpest_FishIndex53_Single2_Left.jpg,5,6,6,5.055953454753175
2022_BITS4q_HER_KolobrzeskoDarlowskie_Embedded_Sharpest_FishIndex55_Single1_Right.jpg,8,7,8,6.122909517253175
2022_BITS4q_HER_KolobrzeskoDarlowskie_Embedded_Sharpest_FishIndex55_Single2_Left.jpg,8,6,6,4.895346704753177
2022_BITS4q_HER_KolobrzeskoDarlowskie_Embedded_Sharpest_FishIndex57_Single1_Right.jpg,0,0,0,-4.291924420246824
2022_BITS4q_HER_KolobrzeskoDarlowskie_Embedded_Sharpest_FishIndex57_Single2_Left.jpg,0,0,0,-1.4532132327468246
2022_BITS4q_HER_KolobrzeskoDarlowskie_Embedded_Sharpest_FishIndex67_Single1_Left.jpg,0,0,0,-4.949055232746824
2022_BITS4q_HER_KolobrzeskoDarlowskie_Embedded_Sharpest_FishIndex67_Single2_Right.jpg,0,0,0,-6.233664045246824
2022_BITS4q_HER_KolobrzeskoDarlowskie_Embedded_Sharpest_FishIndex76_Single1_Left.jpg,3,3,3,2.2543252672531757
2022_BITS4q_HER_KolobrzeskoDarlowskie_Embedded_Sharpest_FishIndex76_Single2_Right.jpg,3,3,3,2.155922454753176
2022_BITS4q_HER_KolobrzeskoDarlowskie_Embedded_Sharpest_FishIndex7_Single1_Left.jpg,0,0,0,-7.187558107746826
2022_BITS4q_HER_KolobrzeskoDarlowskie_Embedded_Sharpest_FishIndex7_Single2_Right.jpg,0,0,0,-7.246155607746823
2022_BITS4q_HER_KolobrzeskoDarlowskie_Embedded_Sharpest_FishIndex81_Single1_Right.jpg,5,4,4,3.478757017253175
2022_BITS4q_HER_KolobrzeskoDarlowskie_Embedded_Sharpest_FishIndex81_Single2_Left.jpg,5,4,4,3.541049017253176
2022_BITS4q_HER_KolobrzeskoDarlowskie_Embedded_Sharpest_FishIndex86_Single1_Right.jpg,1,0,0,-3.1166252952468247
2022_BITS4q_HER_KolobrzeskoDarlowskie_Embedded_Sharpest_FishIndex86_Single2_Left.jpg,1,0,0,-2.761741420246825
2022_BITS4q_HER_LawicaSrodkowa_Embedded_Sharpest_FishIndex10_Single1_Left.jpg,3,3,3,2.3447640797531752
2022_BITS4q_HER_LawicaSrodkowa_Embedded_Sharpest_FishIndex10_Single2_Right.jpg,3,3,3,1.980938517253175
2022_BITS4q_HER_LawicaSrodkowa_Embedded_Sharpest_FishIndex20_Single1_Left.jpg,3,3,3,2.2683049547531753
2022_BITS4q_HER_LawicaSrodkowa_Embedded_Sharpest_FishIndex20_Single2_Right.jpg,3,3,3,2.3769518922531754
2022_BITS4q_HER_LawicaSrodkowa_Embedded_Sharpest_FishIndex27_Single1_Right.jpg,3,3,4,2.5737122672531756
2022_BITS4q_HER_LawicaSrodkowa_Embedded_Sharpest_FishIndex27_Single2_Left.jpg,3,3,3,1.7330143922531756
2022_BITS4q_HER_LawicaSrodkowa_Embedded_Sharpest_FishIndex2_Single1_Right.jpg,1,2,2,1.0870873297531751
2022_BITS4q_HER_LawicaSrodkowa_Embedded_Sharpest_FishIndex2_Single2_Left.jpg,1,0,1,-0.2455788577468248
2022_BITS4q_HER_LawicaSrodkowa_Embedded_Sharpest_FishIndex35_Single1_Left.jpg,5,5,5,3.9905595797531754
2022_BITS4q_HER_LawicaSrodkowa_Embedded_Sharpest_FishIndex35_Single2_Right.jpg,5,5,5,4.245312767253175
2022_BITS4q_HER_LawicaSrodkowa_Embedded_Sharpest_FishIndex3_Single1_Right.jpg,3,3,3,2.4811727672531756
2022_BITS4q_HER_LawicaSrodkowa_Embedded_Sharpest_FishIndex3_Single2_Left.jpg,3,3,3,2.0677593297531756
2022_BITS4q_HER_LawicaSrodkowa_Embedded_Sharpest_FishIndex4_Single1_Right.jpg,3,4,4,2.652025829753175
2022_BITS4q_HER_LawicaSrodkowa_Embedded_Sharpest_FishIndex4_Single2_Left.jpg,3,3,3,2.3544644547531752
2022_BITS4q_HER_LawicaSrodkowa_Embedded_Sharpest_FishIndex51_Single1_Right.jpg,6,5,5,4.242366954753176
2022_BITS4q_HER_LawicaSrodkowa_Embedded_Sharpest_FishIndex51_Single2_Left.jpg,6,5,5,3.855282579753175
2022_BITS4q_HER_RynnaSlupska_Embedded_Sharpest_FishIndex14_Single1_Right.jpg,7,6,6,5.130021079753175
2022_BITS4q_HER_RynnaSlupska_Embedded_Sharpest_FishIndex14_Single2_Left.jpg,7,6,6,4.669024517253176
2022_BITS4q_HER_RynnaSlupska_Embedded_Sharpest_FishIndex19_Single1_Left.jpg,4,3,3,2.1293348922531754
2022_BITS4q_HER_RynnaSlupska_Embedded_Sharpest_FishIndex19_Single2_Right.jpg,4,4,4,3.4490885172531756
2022_BITS4q_HER_RynnaSlupska_Embedded_Sharpest_FishIndex22_Single1_Left.jpg,8,6,6,5.094625517253175
2022_BITS4q_HER_RynnaSlupska_Embedded_Sharpest_FishIndex22_Single2_Right.jpg,8,5,5,4.214767954753175
2022_BITS4q_HER_RynnaSlupska_Embedded_Sharpest_FishIndex3_Single1_Left.jpg,3,4,4,2.686814204753176
2022_BITS4q_HER_RynnaSlupska_Embedded_Sharpest_FishIndex3_Single2_Right.jpg,3,3,3,2.342748767253175
2022_BITS4q_HER_Wladyslawowskie_Embedded_Sharpest_FishIndex107_Single1_Left.jpg,9,8,8,7.147571454753176
2022_BITS4q_HER_Wladyslawowskie_Embedded_Sharpest_FishIndex115_Single1_Right.jpg,6,4,4,2.7896050797531755
2022_BITS4q_HER_Wladyslawowskie_Embedded_Sharpest_FishIndex115_Single2_Left.jpg,6,5,5,4.218635517253174
2022_BITS4q_HER_Wladyslawowskie_Embedded_Sharpest_FishIndex11_Single1_Right.jpg,1,0,1,-0.2505369202468248
2022_BITS4q_HER_Wladyslawowskie_Embedded_Sharpest_FishIndex11_Single2_Left.jpg,1,1,1,0.5095642672531755
2022_BITS4q_HER_Wladyslawowskie_Embedded_Sharpest_FishIndex13_Single1_Left.jpg,3,3,3,2.4623367672531757
2022_BITS4q_HER_Wladyslawowskie_Embedded_Sharpest_FishIndex13_Single2_Right.jpg,3,3,3,1.8936952047531754
2022_BITS4q_HER_Wladyslawowskie_Embedded_Sharpest_FishIndex27_Single1_Left.jpg,7,7,8,6.323745142253176
2022_BITS4q_HER_Wladyslawowskie_Embedded_Sharpest_FishIndex27_Single2_Right.jpg,7,5,4,3.6258764547531754
2022_BITS4q_HER_Wladyslawowskie_Embedded_Sharpest_FishIndex32_Single1_Left.jpg,5,4,4,3.0479040172531753
2022_BITS4q_HER_Wladyslawowskie_Embedded_Sharpest_FishIndex32_Single2_Right.jpg,5,4,4,3.1395550172531754
2022_BITS4q_HER_Wladyslawowskie_Embedded_Sharpest_FishIndex40_Single1_Left.jpg,2,4,4,2.8474359547531756
2022_BITS4q_HER_Wladyslawowskie_Embedded_Sharpest_FishIndex40_Single2_Right.jpg,2,3,3,2.2706971422531756
2022_BITS4q_HER_Wladyslawowskie_Embedded_Sharpest_FishIndex61_Single1_Right.jpg,0,0,0,-7.590563670246824
2022_BITS4q_HER_Wladyslawowskie_Embedded_Sharpest_FishIndex61_Single2_Left.jpg,0,0,0,-3.5836193577468247
2022_BITS4q_HER_Wladyslawowskie_Embedded_Sharpest_FishIndex64_Single1_Right.jpg,1,2,2,1.0892123297531753
2022_BITS4q_HER_Wladyslawowskie_Embedded_Sharpest_FishIndex64_Single2_Left.jpg,1,1,1,0.3289947672531752
2022_BITS4q_HER_Wladyslawowskie_Embedded_Sharpest_FishIndex77_Single1_Left.jpg,1,1,1,0.021742017253175518
2022_BITS4q_HER_Wladyslawowskie_Embedded_Sharpest_FishIndex77_Single2_Right.jpg,1,2,2,1.1420390797531752
2022_BITS4q_HER_Wladyslawowskie_Embedded_Sharpest_FishIndex92_Single1_Right.jpg,10,9,8,7.359009954753176
2022_BITS4q_HER_Wladyslawowskie_Embedded_Sharpest_FishIndex92_Single2_Left.jpg,10,10,9,8.676637642253176
2022_BITS4q_HER_Wladyslawowskie_Embedded_Sharpest_FishIndex9_Single1_Left.jpg,5,3,3,2.3905549547531755
2022_BITS4q_HER_Wladyslawowskie_Embedded_Sharpest_FishIndex9_Single2_Right.jpg,5,4,4,3.0811609547531758
2022_BITS4q_HER_ZatokaGdanska_Embedded_Sharpest_FishIndex10_Single1_Right.jpg,3,3,3,2.1603427672531748
2022_BITS4q_HER_ZatokaGdanska_Embedded_Sharpest_FishIndex10_Single2_Left.jpg,3,3,4,2.575065017253175
2022_BITS4q_HER_ZatokaGdanska_Embedded_Sharpest_FishIndex113_Single1_Right.jpg,0,0,0,-9.552592232746825
2022_BITS4q_HER_ZatokaGdanska_Embedded_Sharpest_FishIndex113_Single2_Left.jpg,0,0,0,-8.797168920246824
2022_BITS4q_HER_ZatokaGdanska_Embedded_Sharpest_FishIndex116_Single1_Left.jpg,0,0,0,-5.306527482746825
2022_BITS4q_HER_ZatokaGdanska_Embedded_Sharpest_FishIndex116_Single2_Right.jpg,0,0,0,-3.616717732746825
2022_BITS4q_HER_ZatokaGdanska_Embedded_Sharpest_FishIndex121_Single1_Right.jpg,0,0,0,-7.802097607746824
2022_BITS4q_HER_ZatokaGdanska_Embedded_Sharpest_FishIndex130_Single1_Left.jpg,0,0,0,-4.890521420246825
2022_BITS4q_HER_ZatokaGdanska_Embedded_Sharpest_FishIndex130_Single2_Right.jpg,0,0,0,-5.791876795246824
2022_BITS4q_HER_ZatokaGdanska_Embedded_Sharpest_FishIndex137_Single1_Left.jpg,5,7,7,5.489493954753175
2022_BITS4q_HER_ZatokaGdanska_Embedded_Sharpest_FishIndex137_Single2_Right.jpg,5,6,6,4.980898954753175
2022_BITS4q_HER_ZatokaGdanska_Embedded_Sharpest_FishIndex15_Single1_Left.jpg,5,5,4,3.5740022047531754
2022_BITS4q_HER_ZatokaGdanska_Embedded_Sharpest_FishIndex15_Single2_Right.jpg,5,5,5,3.957130704753175
2022_BITS4q_HER_ZatokaGdanska_Embedded_Sharpest_FishIndex21_Single1_Right.jpg,4,4,4,3.3217963297531754
2022_BITS4q_HER_ZatokaGdanska_Embedded_Sharpest_FishIndex21_Single2_Left.jpg,4,5,5,4.0007019547531755
2022_BITS4q_HER_ZatokaGdanska_Embedded_Sharpest_FishIndex38_Single1_Left.jpg,3,4,4,3.480515454753176
2022_BITS4q_HER_ZatokaGdanska_Embedded_Sharpest_FishIndex38_Single2_Right.jpg,3,2,2,1.4881459547531755
2022_BITS4q_HER_ZatokaGdanska_Embedded_Sharpest_FishIndex44_Single1_Left.jpg,6,7,7,5.472246142253176
2022_BITS4q_HER_ZatokaGdanska_Embedded_Sharpest_FishIndex44_Single2_Right.jpg,6,5,6,4.493964142253175
2022_BITS4q_HER_ZatokaGdanska_Embedded_Sharpest_FishIndex48_Single1_Left.jpg,0,0,1,-0.5918686702468245
2022_BITS4q_HER_ZatokaGdanska_Embedded_Sharpest_FishIndex48_Single2_Right.jpg,0,0,0,-1.6603506077468246
2022_BITS4q_HER_ZatokaGdanska_Embedded_Sharpest_FishIndex71_Single1_Left.jpg,8,8,8,6.821960017253176
2022_BITS4q_HER_ZatokaGdanska_Embedded_Sharpest_FishIndex71_Single2_Right.jpg,8,8,8,7.194543392253175
2022_BITS4q_HER_ZatokaGdanska_Embedded_Sharpest_FishIndex7_Single1_Left.jpg,3,3,3,2.5299739547531748
2022_BITS4q_HER_ZatokaGdanska_Embedded_Sharpest_FishIndex7_Single2_Right.jpg,3,3,3,2.1046717672531754
2022_BITS4q_HER_ZatokaGdanska_Embedded_Sharpest_FishIndex87_Single1_Right.jpg,6,5,6,4.4769239547531745
2022_BITS4q_HER_ZatokaGdanska_Embedded_Sharpest_FishIndex87_Single2_Left.jpg,6,7,7,5.474860767253176
2022_BITS4q_HER_ZatokaGdanska_Embedded_Sharpest_FishIndex96_Single1_Right.jpg,5,5,5,3.773788017253176
2022_BITS4q_HER_ZatokaGdanska_Embedded_Sharpest_FishIndex96_Single2_Left.jpg,5,5,5,4.001399017253176
2022_BITS4q_HER_ZatokaGdanska_Embedded_Sharpest_FishIndex9_Single1_Left.jpg,4,3,3,2.4699389547531756
2022_BITS4q_HER_ZatokaGdanska_Embedded_Sharpest_FishIndex9_Single2_Right.jpg,4,4,4,2.762928517253175
2023_BIAS_HER_GlebiaGdanska_Embedded_Sharpest_FishIndex14_Single1_Left.jpg,4,5,4,3.6313084547531753
2023_BIAS_HER_GlebiaGdanska_Embedded_Sharpest_FishIndex19_Single1_Left.jpg,6,7,7,5.534080517253175
2023_BIAS_HER_GlebiaGdanska_Embedded_Sharpest_FishIndex19_Single2_Right.jpg,6,7,7,5.963728517253175
2023_BIAS_HER_GlebiaGdanska_Embedded_Sharpest_FishIndex23_Single1_Right.jpg,4,4,4,2.575550079753176
2023_BIAS_HER_GlebiaGdanska_Embedded_Sharpest_FishIndex23_Single2_Left.jpg,4,4,4,2.6720676422531753
2023_BIAS_HER_GlebiaGdanska_Embedded_Sharpest_FishIndex27_Single1_Left.jpg,4,3,3,2.2683368297531756
2023_BIAS_HER_GlebiaGdanska_Embedded_Sharpest_FishIndex27_Single2_Right.jpg,4,4,4,2.7367238297531755
2023_BIAS_HER_GlebiaGdanska_Embedded_Sharpest_FishIndex44_Single1_Left.jpg,3,3,3,1.9565962672531754
2023_BIAS_HER_GlebiaGdanska_Embedded_Sharpest_FishIndex44_Single2_Right.jpg,3,4,4,2.6114623297531754
2023_BIAS_HER_GlebiaGdanska_Embedded_Sharpest_FishIndex47_Single1_Left.jpg,2,2,2,1.0175737672531753
2023_BIAS_HER_GlebiaGdanska_Embedded_Sharpest_FishIndex47_Single2_Right.jpg,2,1,1,0.4888073922531753
2023_BIAS_HER_GlebiaGdanska_Embedded_Sharpest_FishIndex4_Single1_Left.jpg,4,4,4,3.1316729547531756
2023_BIAS_HER_GlebiaGdanska_Embedded_Sharpest_FishIndex4_Single2_Right.jpg,4,4,4,2.6790649547531755
2023_BIAS_HER_GlebiaGdanska_Embedded_Sharpest_FishIndex55_Single1_Left.jpg,7,9,9,7.510822204753175
2023_BIAS_HER_GlebiaGdanska_Embedded_Sharpest_FishIndex58_Single1_Left.jpg,2,3,3,1.8424806422531752
2023_BIAS_HER_GlebiaGdanska_Embedded_Sharpest_FishIndex58_Single2_Right.jpg,2,2,2,1.1650629547531755
2023_BIAS_HER_GlebiaGdanska_Embedded_Sharpest_FishIndex66_Single1_Left.jpg,8,8,8,6.883782329753175
2023_BIAS_HER_GlebiaGdanska_Embedded_Sharpest_FishIndex66_Single2_Right.jpg,8,10,9,8.383092954753176
2023_BIAS_HER_KolobrzeskoDarlowskie_Embedded_Sharpest_FishIndex13_Single1_Right.jpg,0,0,0,-9.015443732746823
2023_BIAS_HER_KolobrzeskoDarlowskie_Embedded_Sharpest_FishIndex13_Single2_Left.jpg,0,0,0,-7.810143045246825
2023_BIAS_HER_KolobrzeskoDarlowskie_Embedded_Sharpest_FishIndex17_Single1_Right.jpg,0,0,0,-1.514942045246825
2023_BIAS_HER_KolobrzeskoDarlowskie_Embedded_Sharpest_FishIndex17_Single2_Left.jpg,0,0,0,-5.8383260452468235
2023_BIAS_HER_KolobrzeskoDarlowskie_Embedded_Sharpest_FishIndex25_Single1_Left.jpg,0,0,0,-6.737065295246826
2023_BIAS_HER_KolobrzeskoDarlowskie_Embedded_Sharpest_FishIndex25_Single2_Right.jpg,0,0,0,-7.510513545246824
2023_BIAS_HER_KolobrzeskoDarlowskie_Embedded_Sharpest_FishIndex31_Single1_Right.jpg,0,0,0,-7.108288045246825
2023_BIAS_HER_KolobrzeskoDarlowskie_Embedded_Sharpest_FishIndex31_Single2_Left.jpg,0,0,0,-7.199997232746824
2023_BIAS_HER_KolobrzeskoDarlowskie_Embedded_Sharpest_FishIndex58_Single1_Left.jpg,1,2,2,1.0788830797531754
2023_BIAS_HER_KolobrzeskoDarlowskie_Embedded_Sharpest_FishIndex59_Single1_Left.jpg,3,4,4,2.814207517253175
2023_BIAS_HER_KolobrzeskoDarlowskie_Embedded_Sharpest_FishIndex59_Single2_Right.jpg,3,4,4,2.876993142253175
2023_BIAS_HER_KolobrzeskoDarlowskie_Embedded_Sharpest_FishIndex69_Single1_Left.jpg,4,5,4,3.6704120172531756
2023_BIAS_HER_KolobrzeskoDarlowskie_Embedded_Sharpest_FishIndex69_Single2_Right.jpg,4,5,5,4.260904204753175
2023_BIAS_HER_KolobrzeskoDarlowskie_Embedded_Sharpest_FishIndex6_Single1_Left.jpg,0,0,0,-6.221051045246824
2023_BIAS_HER_KolobrzeskoDarlowskie_Embedded_Sharpest_FishIndex6_Single2_Right.jpg,0,0,0,-5.538103107746824
2023_BIAS_HER_RynnaSlupska_Embedded_Sharpest_FishIndex10_Single1_Left.jpg,3,4,4,3.534976954753175
2023_BIAS_HER_RynnaSlupska_Embedded_Sharpest_FishIndex10_Single2_Right.jpg,3,4,4,3.5157397047531758
2023_BIAS_HER_RynnaSlupska_Embedded_Sharpest_FishIndex11_Single1_Left.jpg,8,8,8,6.7940808922531755
2023_BIAS_HER_RynnaSlupska_Embedded_Sharpest_FishIndex11_Single2_Right.jpg,8,8,8,6.602055454753176
2023_BIAS_HER_RynnaSlupska_Embedded_Sharpest_FishIndex12_Single1_Right.jpg,5,4,4,2.9558133297531755
2023_BIAS_HER_RynnaSlupska_Embedded_Sharpest_FishIndex12_Single2_Left.jpg,5,5,5,3.7612132047531754
2023_BIAS_HER_RynnaSlupska_Embedded_Sharpest_FishIndex17_Single1_Right.jpg,2,3,3,2.0182141422531754
2023_BIAS_HER_RynnaSlupska_Embedded_Sharpest_FishIndex17_Single2_Left.jpg,2,2,2,1.5954840172531757
2023_BIAS_HER_RynnaSlupska_Embedded_Sharpest_FishIndex23_Single1_Left.jpg,6,7,7,5.843638392253175
2023_BIAS_HER_RynnaSlupska_Embedded_Sharpest_FishIndex23_Single2_Right.jpg,6,4,4,3.074786642253175
2023_BIAS_HER_RynnaSlupska_Embedded_Sharpest_FishIndex26_Single1_Left.jpg,4,4,4,2.7499648297531754
2023_BIAS_HER_RynnaSlupska_Embedded_Sharpest_FishIndex26_Single2_Right.jpg,4,3,3,2.3623839547531755
2023_BIAS_HER_RynnaSlupska_Embedded_Sharpest_FishIndex35_Single1_Left.jpg,1,0,1,-0.38860604524682474
2023_BIAS_HER_RynnaSlupska_Embedded_Sharpest_FishIndex35_Single2_Right.jpg,1,1,1,0.7608211422531753
2023_BIAS_HER_RynnaSlupska_Embedded_Sharpest_FishIndex41_Single1_Left.jpg,2,2,2,1.3577193297531753
2023_BIAS_HER_RynnaSlupska_Embedded_Sharpest_FishIndex41_Single2_Right.jpg,2,3,3,2.207138079753175
2023_BIAS_HER_RynnaSlupska_Embedded_Sharpest_FishIndex43_Single1_Left.jpg,2,2,2,1.3937875172531755
2023_BIAS_HER_RynnaSlupska_Embedded_Sharpest_FishIndex43_Single2_Right.jpg,2,2,2,1.5759721422531752
2023_BIAS_HER_RynnaSlupska_Embedded_Sharpest_FishIndex54_Single1_Right.jpg,4,5,6,4.490015017253175
2023_BIAS_HER_RynnaSlupska_Embedded_Sharpest_FishIndex54_Single2_Left.jpg,4,5,5,4.210750579753176
2023_BIAS_HER_RynnaSlupska_Embedded_Sharpest_FishIndex61_Single1_Left.jpg,4,4,4,3.107245704753175
2023_BIAS_HER_RynnaSlupska_Embedded_Sharpest_FishIndex61_Single2_Right.jpg,4,5,5,3.8870934547531757
2023_BIAS_HER_RynnaSlupska_Embedded_Sharpest_FishIndex6_Single1_Right.jpg,3,3,3,2.2280909547531755
2023_BIAS_HER_RynnaSlupska_Embedded_Sharpest_FishIndex6_Single2_Left.jpg,3,2,2,1.2578989547531756
2023_BIAS_HER_RynnaSlupska_Embedded_Sharpest_FishIndex78_Single1_Right.jpg,0,0,0,-9.260452607746824
2023_BIAS_HER_RynnaSlupska_Embedded_Sharpest_FishIndex78_Single2_Left.jpg,0,0,0,-7.300729732746824
2023_BIAS_HER_RynnaSlupska_Embedded_Sharpest_FishIndex7_Single1_Right.jpg,4,5,5,3.880160892253175
2023_BIAS_HER_RynnaSlupska_Embedded_Sharpest_FishIndex7_Single2_Left.jpg,4,4,4,3.1677312047531756
2023_BIAS_HER_RynnaSlupska_Embedded_Sharpest_FishIndex82_Single1_Left.jpg,4,4,4,2.8866854547531755
2023_BIAS_HER_RynnaSlupska_Embedded_Sharpest_FishIndex82_Single2_Right.jpg,4,4,4,3.227090017253175
2023_BIAS_HER_RynnaSlupska_Embedded_Sharpest_FishIndex83_Single1_Left.jpg,0,0,0,-8.409780420246825
2023_BIAS_HER_RynnaSlupska_Embedded_Sharpest_FishIndex87_Single1_Left.jpg,0,0,1,-0.9599363577468246
2023_BIAS_HER_RynnaSlupska_Embedded_Sharpest_FishIndex87_Single2_Right.jpg,0,0,0,-6.996004732746824
2023_BIAS_HER_RynnaSlupska_Embedded_Sharpest_FishIndex94_Single1_Left.jpg,0,0,0,-5.584007295246826
2023_BIAS_HER_RynnaSlupska_Embedded_Sharpest_FishIndex94_Single2_Right.jpg,0,0,0,-7.111785295246824
2023_BIAS_HER_RynnaSlupska_Embedded_Sharpest_FishIndex98_Single1_Left.jpg,1,0,1,-0.5142676077468246
2023_BIAS_HER_RynnaSlupska_Embedded_Sharpest_FishIndex98_Single2_Right.jpg,1,0,1,-0.32500867024682467
2023_BIAS_HER_UsteckoLebskie_Embedded_Sharpest_FishIndex21_Single1_Right.jpg,5,4,4,3.405362079753175
2023_BIAS_HER_UsteckoLebskie_Embedded_Sharpest_FishIndex21_Single2_Left.jpg,5,4,4,3.469148079753175
2023_BIAS_HER_UsteckoLebskie_Embedded_Sharpest_FishIndex31_Single1_Left.jpg,2,1,1,0.02886770475317543
2023_BIAS_HER_UsteckoLebskie_Embedded_Sharpest_FishIndex31_Single2_Right.jpg,2,3,3,1.8062029547531755
2023_BIAS_HER_UsteckoLebskie_Embedded_Sharpest_FishIndex34_Single1_Right.jpg,4,3,3,2.463354579753175
2023_BIAS_HER_UsteckoLebskie_Embedded_Sharpest_FishIndex34_Single2_Left.jpg,4,4,4,3.1434359547531754
2023_BIAS_HER_UsteckoLebskie_Embedded_Sharpest_FishIndex35_Single1_Right.jpg,2,2,2,1.1379365172531755
2023_BIAS_HER_UsteckoLebskie_Embedded_Sharpest_FishIndex35_Single2_Left.jpg,2,2,2,1.0988091422531752
2023_BIAS_HER_UsteckoLebskie_Embedded_Sharpest_FishIndex41_Single1_Right.jpg,3,3,3,2.0299553922531755
2023_BIAS_HER_UsteckoLebskie_Embedded_Sharpest_FishIndex41_Single2_Left.jpg,3,3,3,2.234231017253175
2023_BIAS_HER_UsteckoLebskie_Embedded_Sharpest_FishIndex42_Single1_Left.jpg,4,4,4,3.4829940172531755
2023_BIAS_HER_UsteckoLebskie_Embedded_Sharpest_FishIndex42_Single2_Right.jpg,4,4,4,3.235794517253176
2023_BIAS_HER_UsteckoLebskie_Embedded_Sharpest_FishIndex4_Single1_Right.jpg,1,1,1,0.5302788922531756
2023_BIAS_HER_UsteckoLebskie_Embedded_Sharpest_FishIndex4_Single2_Left.jpg,1,1,1,0.00442407975317551
2023_BIAS_HER_UsteckoLebskie_Embedded_Sharpest_FishIndex52_Single1_Left.jpg,3,3,3,2.5004790172531757
2023_BIAS_HER_UsteckoLebskie_Embedded_Sharpest_FishIndex52_Single2_Right.jpg,3,3,3,2.2562341422531755
2023_BIAS_HER_UsteckoLebskie_Embedded_Sharpest_FishIndex53_Single1_Left.jpg,2,2,2,1.121996017253175
2023_BIAS_HER_UsteckoLebskie_Embedded_Sharpest_FishIndex53_Single2_Right.jpg,2,3,3,1.8769065172531754
2023_BIAS_HER_UsteckoLebskie_Embedded_Sharpest_FishIndex58_Single1_Right.jpg,9,10,9,8.401134392253176
2023_BIAS_HER_UsteckoLebskie_Embedded_Sharpest_FishIndex6_Single1_Right.jpg,2,2,2,1.2080748297531752
2023_BIAS_HER_UsteckoLebskie_Embedded_Sharpest_FishIndex6_Single2_Left.jpg,2,2,2,1.056770204753175
2023_BIAS_HER_Wladyslawowskie_Embedded_Sharpest_FishIndex11_Single1_Left.jpg,4,4,4,3.2893846422531756
2023_BIAS_HER_Wladyslawowskie_Embedded_Sharpest_FishIndex11_Single2_Right.jpg,4,4,4,3.220483267253175
2023_BIAS_HER_Wladyslawowskie_Embedded_Sharpest_FishIndex19_Single1_Right.jpg,4,3,3,1.9916897672531753
2023_BIAS_HER_Wladyslawowskie_Embedded_Sharpest_FishIndex19_Single2_Left.jpg,4,3,3,2.2341280172531754
2023_BIAS_HER_Wladyslawowskie_Embedded_Sharpest_FishIndex22_Single1_Right.jpg,5,4,4,3.4211983297531754
2023_BIAS_HER_Wladyslawowskie_Embedded_Sharpest_FishIndex22_Single2_Left.jpg,5,4,4,3.395564079753176
2023_BIAS_HER_Wladyslawowskie_Embedded_Sharpest_FishIndex24_Single1_Right.jpg,10,11,9,9.057233892253176
2023_BIAS_HER_Wladyslawowskie_Embedded_Sharpest_FishIndex24_Single2_Left.jpg,10,10,9,8.818513892253176
2023_BIAS_HER_Wladyslawowskie_Embedded_Sharpest_FishIndex26_Single1_Right.jpg,4,4,4,3.068806142253176
2023_BIAS_HER_Wladyslawowskie_Embedded_Sharpest_FishIndex26_Single2_Left.jpg,4,4,4,2.8112568922531755
2023_BIAS_HER_Wladyslawowskie_Embedded_Sharpest_FishIndex31_Single1_Right.jpg,3,3,3,1.9343920797531755
2023_BIAS_HER_Wladyslawowskie_Embedded_Sharpest_FishIndex31_Single2_Left.jpg,3,3,3,2.338707954753175
2023_BIAS_HER_Wladyslawowskie_Embedded_Sharpest_FishIndex48_Single1_Right.jpg,0,0,0,-5.978593795246825
2023_BIAS_HER_Wladyslawowskie_Embedded_Sharpest_FishIndex48_Single2_Left.jpg,0,0,0,-7.848787357746825
2023_BIAS_HER_Wladyslawowskie_Embedded_Sharpest_FishIndex55_Single1_Left.jpg,0,0,0,-8.802902482746823
2023_BIAS_HER_Wladyslawowskie_Embedded_Sharpest_FishIndex55_Single2_Right.jpg,0,0,0,-7.361112545246826
2023_BIAS_HER_Wladyslawowskie_Embedded_Sharpest_FishIndex65_Single1_Left.jpg,1,1,1,0.10963414225317535
2023_BIAS_HER_Wladyslawowskie_Embedded_Sharpest_FishIndex65_Single2_Right.jpg,1,1,1,0.0971367047531754
2023_BIAS_HER_Wladyslawowskie_Embedded_Sharpest_FishIndex67_Single2_Right.jpg,4,5,5,3.778185329753176
2023_BIAS_HER_Wladyslawowskie_Embedded_Sharpest_FishIndex80_Single1_Left.jpg,2,2,2,1.343933954753175
2023_BIAS_HER_Wladyslawowskie_Embedded_Sharpest_FishIndex80_Single2_Right.jpg,2,2,2,1.1901021422531752
2023_BIAS_HER_Wladyslawowskie_Embedded_Sharpest_FishIndex86_Single1_Right.jpg,8,8,8,6.723270329753176
2023_BIAS_HER_Wladyslawowskie_Embedded_Sharpest_FishIndex86_Single2_Left.jpg,8,9,8,7.253052204753176
2023_BIAS_HER_Wladyslawowskie_Embedded_Sharpest_FishIndex98_Single1_Left.jpg,8,7,8,6.2467165172531764
2023_BIAS_HER_Wladyslawowskie_Embedded_Sharpest_FishIndex98_Single2_Right.jpg,8,7,7,5.771497829753176
2023_BIAS_HER_Wladyslawowskie_Embedded_Sharpest_FishIndex9_Single1_Right.jpg,4,3,4,2.5463400172531756
2023_BIAS_HER_Wladyslawowskie_Embedded_Sharpest_FishIndex9_Single2_Left.jpg,4,4,4,2.667381329753175
2023_BIAS_HER_ZatokaGdanska_Embedded_Sharpest_FishIndex14_Single1_Left.jpg,4,4,4,2.9166674547531755
2023_BIAS_HER_ZatokaGdanska_Embedded_Sharpest_FishIndex14_Single2_Right.jpg,4,4,4,3.1941465797531756
2023_BIAS_HER_ZatokaGdanska_Embedded_Sharpest_FishIndex30_Single1_Right.jpg,8,6,6,5.156026954753175
2023_BIAS_HER_ZatokaGdanska_Embedded_Sharpest_FishIndex30_Single2_Left.jpg,8,6,6,5.071948017253176
2023_BIAS_HER_ZatokaGdanska_Embedded_Sharpest_FishIndex35_Single1_Right.jpg,7,7,8,6.185343954753174
2023_BIAS_HER_ZatokaGdanska_Embedded_Sharpest_FishIndex35_Single2_Left.jpg,7,8,8,6.848600954753175
2023_BIAS_HER_ZatokaGdanska_Embedded_Sharpest_FishIndex43_Single1_Left.jpg,4,4,4,3.3807128297531754
2023_BIAS_HER_ZatokaGdanska_Embedded_Sharpest_FishIndex43_Single2_Right.jpg,4,4,4,2.8407315172531753
2023_BIAS_HER_ZatokaGdanska_Embedded_Sharpest_FishIndex49_Single1_Right.jpg,4,5,5,4.031367204753176
2023_BIAS_HER_ZatokaGdanska_Embedded_Sharpest_FishIndex49_Single2_Left.jpg,4,4,4,3.251763829753176
2023_BIAS_HER_ZatokaGdanska_Embedded_Sharpest_FishIndex67_Single1_Right.jpg,3,3,3,2.2089013297531754
2023_BIAS_HER_ZatokaGdanska_Embedded_Sharpest_FishIndex67_Single2_Left.jpg,3,3,3,2.0179800172531754
2023_BIAS_HER_ZatokaGdanska_Embedded_Sharpest_FishIndex78_Single1_Left.jpg,1,2,2,1.2189967047531756
2023_BIAS_HER_ZatokaGdanska_Embedded_Sharpest_FishIndex78_Single2_Right.jpg,1,3,3,2.033210017253175
2023_BITS1q_HER_GlebiaGdanskaE_Embedded_Sharpest_FishIndex13_Single1_Left.jpg,6,6,6,5.135669829753176
2023_BITS1q_HER_GlebiaGdanskaE_Embedded_Sharpest_FishIndex13_Single2_Right.jpg,6,6,6,4.746443954753175
2023_BITS1q_HER_GlebiaGdanskaE_Embedded_Sharpest_FishIndex17_Single1_Right.jpg,7,7,7,6.046119767253176
2023_BITS1q_HER_GlebiaGdanskaE_Embedded_Sharpest_FishIndex17_Single2_Left.jpg,7,8,8,7.202835079753174
2023_BITS1q_HER_GlebiaGdanskaE_Embedded_Sharpest_FishIndex2_Single1_Right.jpg,3,3,3,2.4362992047531757
2023_BITS1q_HER_GlebiaGdanskaE_Embedded_Sharpest_FishIndex2_Single2_Left.jpg,3,3,3,2.111618517253175
2023_BITS1q_HER_GlebiaGdanskaE_Embedded_Sharpest_FishIndex7_Single1_Right.jpg,3,3,4,2.563453704753176
2023_BITS1q_HER_GlebiaGdanska_Embedded_Sharpest_FishIndex16_Single1_Left.jpg,1,1,1,0.5045012672531752
2023_BITS1q_HER_GlebiaGdanska_Embedded_Sharpest_FishIndex20_Single1_Right.jpg,5,4,4,3.388105267253175
2023_BITS1q_HER_GlebiaGdanska_Embedded_Sharpest_FishIndex20_Single2_Left.jpg,5,5,4,3.5613130797531753
2023_BITS1q_HER_GlebiaGdanska_Embedded_Sharpest_FishIndex38_Single1_Left.jpg,3,4,4,2.7402260172531756
2023_BITS1q_HER_GlebiaGdanska_Embedded_Sharpest_FishIndex38_Single2_Right.jpg,3,3,3,2.4857462672531754
2023_BITS1q_HER_GlebiaGdanska_Embedded_Sharpest_FishIndex49_Single1_Left.jpg,8,6,6,4.6880330797531755
2023_BITS1q_HER_GlebiaGdanska_Embedded_Sharpest_FishIndex49_Single2_Right.jpg,8,3,3,2.4212473297531756
2023_BITS1q_HER_GlebiaGdanska_Embedded_Sharpest_FishIndex54_Single1_Right.jpg,9,8,8,6.477608767253175
2023_BITS1q_HER_GlebiaGdanska_Embedded_Sharpest_FishIndex54_Single2_Left.jpg,9,11,12,9.719518517253176
2023_BITS1q_HER_GlebiaGdanska_Embedded_Sharpest_FishIndex5_Single1_Right.jpg,0,0,0,-6.822947795246823
2023_BITS1q_HER_GlebiaGdanska_Embedded_Sharpest_FishIndex5_Single2_Left.jpg,0,0,0,-8.533077545246824
2023_BITS1q_HER_GlebiaGdanska_Embedded_Sharpest_FishIndex63_Single1_Left.jpg,1,0,1,-0.4054056702468245
2023_BITS1q_HER_GlebiaGdanska_Embedded_Sharpest_FishIndex63_Single2_Right.jpg,1,1,1,0.4693756422531753
2023_BITS1q_HER_GlebiaGdanska_Embedded_Sharpest_FishIndex72_Single1_Right.jpg,3,3,3,1.7391251422531755
2023_BITS1q_HER_GlebiaGdanska_Embedded_Sharpest_FishIndex72_Single2_Left.jpg,3,3,3,2.211494329753176
2023_BITS1q_HER_KlajpedzkieE_Embedded_Sharpest_FishIndex10_Single1_Left.jpg,3,3,3,1.845170454753175
2023_BITS1q_HER_KlajpedzkieE_Embedded_Sharpest_FishIndex10_Single2_Right.jpg,3,3,3,2.1381969547531754
2023_BITS1q_HER_KlajpedzkieE_Embedded_Sharpest_FishIndex15_Single1_Left.jpg,3,2,2,1.5596832672531757
2023_BITS1q_HER_KlajpedzkieE_Embedded_Sharpest_FishIndex15_Single2_Right.jpg,3,2,2,1.3478729547531756
2023_BITS1q_HER_KlajpedzkieE_Embedded_Sharpest_FishIndex18_Single1_Right.jpg,3,3,3,1.9607077672531754
2023_BITS1q_HER_KlajpedzkieE_Embedded_Sharpest_FishIndex18_Single2_Left.jpg,3,4,4,2.859797454753175
2023_BITS1q_HER_KlajpedzkieE_Embedded_Sharpest_FishIndex24_Single1_Left.jpg,6,5,4,3.6056542047531748
2023_BITS1q_HER_KlajpedzkieE_Embedded_Sharpest_FishIndex24_Single2_Right.jpg,6,5,5,3.877720017253175
2023_BITS1q_HER_KlajpedzkieE_Embedded_Sharpest_FishIndex25_Single1_Left.jpg,7,6,7,5.420873142253176
2023_BITS1q_HER_KlajpedzkieE_Embedded_Sharpest_FishIndex25_Single2_Right.jpg,7,6,7,5.225463954753176
2023_BITS1q_HER_KlajpedzkieE_Embedded_Sharpest_FishIndex47_Single1_Right.jpg,3,3,3,2.1320800797531754
2023_BITS1q_HER_KlajpedzkieE_Embedded_Sharpest_FishIndex47_Single2_Left.jpg,3,3,3,2.1723447672531755
2023_BITS1q_HER_KlajpedzkieE_Embedded_Sharpest_FishIndex48_Single1_Left.jpg,5,5,5,4.110842767253175
2023_BITS1q_HER_KlajpedzkieE_Embedded_Sharpest_FishIndex48_Single2_Right.jpg,5,5,5,3.9717050172531754
2023_BITS1q_HER_KlajpedzkieE_Embedded_Sharpest_FishIndex52_Single1_Right.jpg,6,6,6,4.930203517253175
2023_BITS1q_HER_KlajpedzkieE_Embedded_Sharpest_FishIndex52_Single2_Left.jpg,6,6,6,4.878793829753175
2023_BITS1q_HER_KlajpedzkieE_Embedded_Sharpest_FishIndex59_Single1_Left.jpg,8,6,7,5.3848505172531755
2023_BITS1q_HER_KlajpedzkieE_Embedded_Sharpest_FishIndex59_Single2_Right.jpg,8,6,6,4.889550142253175
2023_BITS1q_HER_KlajpedzkieE_Embedded_Sharpest_FishIndex63_Single1_Left.jpg,1,1,1,0.6662313297531756
2023_BITS1q_HER_KlajpedzkieE_Embedded_Sharpest_FishIndex63_Single2_Right.jpg,1,1,1,0.22389507975317527
2023_BITS1q_HER_KlajpedzkieE_Embedded_Sharpest_FishIndex9_Single1_Right.jpg,6,6,6,4.551002517253176
2023_BITS1q_HER_KlajpedzkieE_Embedded_Sharpest_FishIndex9_Single2_Left.jpg,6,5,5,4.406198017253175
2023_BITS1q_HER_UsteckoLebskie_Embedded_Sharpest_FishIndex100_Single1_Left.jpg,3,4,4,2.7761660172531752
2023_BITS1q_HER_UsteckoLebskie_Embedded_Sharpest_FishIndex100_Single2_Right.jpg,3,3,3,2.3665451422531754
2023_BITS1q_HER_UsteckoLebskie_Embedded_Sharpest_FishIndex112_Single1_Right.jpg,5,7,7,5.784991204753174
2023_BITS1q_HER_UsteckoLebskie_Embedded_Sharpest_FishIndex112_Single2_Left.jpg,5,6,6,4.518199954753175
2023_BITS1q_HER_UsteckoLebskie_Embedded_Sharpest_FishIndex127_Single1_Right.jpg,3,2,2,1.565272079753175
2023_BITS1q_HER_UsteckoLebskie_Embedded_Sharpest_FishIndex127_Single2_Left.jpg,3,3,3,2.1697073297531757
2023_BITS1q_HER_UsteckoLebskie_Embedded_Sharpest_FishIndex23_Single1_Left.jpg,6,7,7,5.434611204753175
2023_BITS1q_HER_UsteckoLebskie_Embedded_Sharpest_FishIndex23_Single2_Right.jpg,6,8,8,6.364748517253176
2023_BITS1q_HER_UsteckoLebskie_Embedded_Sharpest_FishIndex24_Single1_Right.jpg,2,3,3,1.9486493297531755
2023_BITS1q_HER_UsteckoLebskie_Embedded_Sharpest_FishIndex24_Single2_Left.jpg,2,3,3,2.3720698297531753
2023_BITS1q_HER_UsteckoLebskie_Embedded_Sharpest_FishIndex28_Single1_Right.jpg,3,4,4,3.109199767253176
2023_BITS1q_HER_UsteckoLebskie_Embedded_Sharpest_FishIndex28_Single2_Left.jpg,3,4,4,2.811411392253175
2023_BITS1q_HER_UsteckoLebskie_Embedded_Sharpest_FishIndex40_Single1_Right.jpg,3,3,3,2.168242892253175
2023_BITS1q_HER_UsteckoLebskie_Embedded_Sharpest_FishIndex40_Single2_Left.jpg,3,3,3,2.484691329753175
2023_BITS1q_HER_UsteckoLebskie_Embedded_Sharpest_FishIndex47_Single1_Right.jpg,5,3,3,1.951690017253176
2023_BITS1q_HER_UsteckoLebskie_Embedded_Sharpest_FishIndex47_Single2_Left.jpg,5,3,3,2.303555079753176
2023_BITS1q_HER_UsteckoLebskie_Embedded_Sharpest_FishIndex52_Single1_Left.jpg,7,5,5,4.416924517253175
2023_BITS1q_HER_UsteckoLebskie_Embedded_Sharpest_FishIndex52_Single2_Right.jpg,7,6,7,5.428517954753176
2023_BITS1q_HER_UsteckoLebskie_Embedded_Sharpest_FishIndex53_Single1_Left.jpg,8,6,7,5.328005954753175
2023_BITS1q_HER_UsteckoLebskie_Embedded_Sharpest_FishIndex53_Single2_Right.jpg,8,7,7,5.578377829753174
2023_BITS1q_HER_UsteckoLebskie_Embedded_Sharpest_FishIndex55_Single1_Right.jpg,7,8,8,7.218690954753176
2023_BITS1q_HER_UsteckoLebskie_Embedded_Sharpest_FishIndex55_Single2_Left.jpg,7,8,8,7.125740017253175
2023_BITS1q_HER_UsteckoLebskie_Embedded_Sharpest_FishIndex57_Single1_Right.jpg,5,8,8,6.674880017253176
2023_BITS1q_HER_UsteckoLebskie_Embedded_Sharpest_FishIndex57_Single2_Left.jpg,5,7,7,5.893506517253175
2023_BITS1q_HER_UsteckoLebskie_Embedded_Sharpest_FishIndex58_Single1_Left.jpg,3,3,3,2.2593619547531754
2023_BITS1q_HER_UsteckoLebskie_Embedded_Sharpest_FishIndex58_Single2_Right.jpg,3,4,4,2.7142839547531756
2023_BITS1q_HER_UsteckoLebskie_Embedded_Sharpest_FishIndex71_Single1_Left.jpg,0,0,0,-8.043190982746824
2023_BITS1q_HER_UsteckoLebskie_Embedded_Sharpest_FishIndex76_Single1_Right.jpg,0,0,0,-8.866111982746824
2023_BITS1q_HER_UsteckoLebskie_Embedded_Sharpest_FishIndex76_Single2_Left.jpg,0,0,0,-8.378770670246825
2023_BITS1q_HER_UsteckoLebskie_Embedded_Sharpest_FishIndex86_Single1_Left.jpg,5,5,4,3.6668634547531753
2023_BITS1q_HER_UsteckoLebskie_Embedded_Sharpest_FishIndex86_Single2_Right.jpg,5,5,5,4.177830767253176
2023_BITS1q_HER_UsteckoLebskie_Embedded_Sharpest_FishIndex93_Single1_Right.jpg,3,3,3,1.9200915797531755
2023_BITS1q_HER_UsteckoLebskie_Embedded_Sharpest_FishIndex93_Single2_Left.jpg,3,3,3,1.6867924547531752
2023_BITS1q_HER_UsteckoLebskie_Embedded_Sharpest_FishIndex95_Single1_Left.jpg,3,3,3,1.916971142253175
2023_BITS1q_HER_UsteckoLebskie_Embedded_Sharpest_FishIndex95_Single2_Right.jpg,3,4,4,2.9495195797531757
2023_BITS1q_HER_Wladyslawowskie_Embedded_Sharpest_FishIndex107_Single1_Right.jpg,3,3,3,2.3779035172531753
2023_BITS1q_HER_Wladyslawowskie_Embedded_Sharpest_FishIndex107_Single2_Left.jpg,3,4,4,2.6489148922531753
2023_BITS1q_HER_Wladyslawowskie_Embedded_Sharpest_FishIndex110_Single1_Right.jpg,7,7,7,6.025695954753177
2023_BITS1q_HER_Wladyslawowskie_Embedded_Sharpest_FishIndex110_Single2_Left.jpg,7,6,6,4.639824954753175
2023_BITS1q_HER_Wladyslawowskie_Embedded_Sharpest_FishIndex122_Single1_Left.jpg,0,0,0,-7.1702700452468235
2023_BITS1q_HER_Wladyslawowskie_Embedded_Sharpest_FishIndex122_Single2_Right.jpg,0,0,0,-7.946575482746825
2023_BITS1q_HER_Wladyslawowskie_Embedded_Sharpest_FishIndex20_Single1_Right.jpg,5,4,4,3.4174384547531753
2023_BITS1q_HER_Wladyslawowskie_Embedded_Sharpest_FishIndex20_Single2_Left.jpg,5,5,5,4.303195454753176
2023_BITS1q_HER_Wladyslawowskie_Embedded_Sharpest_FishIndex23_Single2_Left.jpg,1,0,1,-0.16912523274682462
2023_BITS1q_HER_Wladyslawowskie_Embedded_Sharpest_FishIndex25_Single1_Right.jpg,4,4,4,2.794106454753175
2023_BITS1q_HER_Wladyslawowskie_Embedded_Sharpest_FishIndex25_Single2_Left.jpg,4,4,4,3.2356149547531756
2023_BITS1q_HER_Wladyslawowskie_Embedded_Sharpest_FishIndex27_Single1_Left.jpg,2,3,3,1.9493675172531755
2023_BITS1q_HER_Wladyslawowskie_Embedded_Sharpest_FishIndex27_Single2_Right.jpg,2,2,2,1.452317579753175
2023_BITS1q_HER_Wladyslawowskie_Embedded_Sharpest_FishIndex32_Single1_Left.jpg,2,2,2,1.0386400172531753
2023_BITS1q_HER_Wladyslawowskie_Embedded_Sharpest_FishIndex32_Single2_Right.jpg,2,2,2,1.1473853297531753
2023_BITS1q_HER_Wladyslawowskie_Embedded_Sharpest_FishIndex34_Single1_Right.jpg,3,3,3,2.107675454753175
2023_BITS1q_HER_Wladyslawowskie_Embedded_Sharpest_FishIndex54_Single1_Left.jpg,4,2,2,1.3987880172531755
2023_BITS1q_HER_Wladyslawowskie_Embedded_Sharpest_FishIndex59_Single1_Right.jpg,9,8,8,6.678533454753175
2023_BITS1q_HER_Wladyslawowskie_Embedded_Sharpest_FishIndex59_Single2_Left.jpg,9,8,8,6.903620829753175
2023_BITS1q_HER_Wladyslawowskie_Embedded_Sharpest_FishIndex68_Single1_Left.jpg,3,3,3,2.2768440797531753
2023_BITS1q_HER_Wladyslawowskie_Embedded_Sharpest_FishIndex68_Single2_Right.jpg,3,3,3,2.058739642253175
2023_BITS1q_HER_Wladyslawowskie_Embedded_Sharpest_FishIndex74_Single1_Left.jpg,0,0,0,-6.936823482746827
2023_BITS1q_HER_Wladyslawowskie_Embedded_Sharpest_FishIndex74_Single2_Right.jpg,0,0,0,-9.071764107746823
2023_BITS1q_HER_Wladyslawowskie_Embedded_Sharpest_FishIndex76_Single1_Left.jpg,0,0,0,-5.8622961077468245
2023_BITS1q_HER_Wladyslawowskie_Embedded_Sharpest_FishIndex76_Single2_Right.jpg,0,0,0,-6.623815607746823
2023_BITS1q_HER_Wladyslawowskie_Embedded_Sharpest_FishIndex89_Single1_Right.jpg,4,3,3,2.4974669547531754
2023_BITS1q_HER_Wladyslawowskie_Embedded_Sharpest_FishIndex92_Single1_Left.jpg,3,3,3,2.1724329547531753
2023_BITS1q_HER_Wladyslawowskie_Embedded_Sharpest_FishIndex92_Single2_Right.jpg,3,3,3,2.5114660172531758
2023_BITS1q_HER_Wladyslawowskie_Embedded_Sharpest_FishIndex93_Single1_Left.jpg,7,7,7,5.4396042047531745
2023_BITS1q_HER_Wladyslawowskie_Embedded_Sharpest_FishIndex93_Single2_Right.jpg,7,8,8,6.528027517253176
2023_BITS1q_HER_ZatokaGdanska_Embedded_Sharpest_FishIndex115_Single1_Left.jpg,0,0,0,-3.092837170246825
2023_BITS1q_HER_ZatokaGdanska_Embedded_Sharpest_FishIndex115_Single2_Right.jpg,0,0,0,-8.889383357746823
2023_BITS1q_HER_ZatokaGdanska_Embedded_Sharpest_FishIndex117_Single1_Left.jpg,0,0,0,-7.083037420246826
2023_BITS1q_HER_ZatokaGdanska_Embedded_Sharpest_FishIndex117_Single2_Right.jpg,0,0,0,-6.910367420246825
2023_BITS1q_HER_ZatokaGdanska_Embedded_Sharpest_FishIndex124_Single1_Right.jpg,0,0,0,-5.393782170246823
2023_BITS1q_HER_ZatokaGdanska_Embedded_Sharpest_FishIndex124_Single2_Left.jpg,0,0,0,-3.2258290452468246
2023_BITS1q_HER_ZatokaGdanska_Embedded_Sharpest_FishIndex134_Single1_Left.jpg,8,9,9,7.413072517253176
2023_BITS1q_HER_ZatokaGdanska_Embedded_Sharpest_FishIndex134_Single2_Right.jpg,8,7,8,6.253034079753175
2023_BITS1q_HER_ZatokaGdanska_Embedded_Sharpest_FishIndex19_Single1_Left.jpg,4,3,3,2.0412395797531753
2023_BITS1q_HER_ZatokaGdanska_Embedded_Sharpest_FishIndex19_Single2_Right.jpg,4,3,3,2.3050722047531758
2023_BITS1q_HER_ZatokaGdanska_Embedded_Sharpest_FishIndex28_Single1_Right.jpg,3,3,3,2.3013349547531754
2023_BITS1q_HER_ZatokaGdanska_Embedded_Sharpest_FishIndex30_Single1_Right.jpg,3,3,3,2.317057517253175
2023_BITS1q_HER_ZatokaGdanska_Embedded_Sharpest_FishIndex30_Single2_Left.jpg,3,3,3,2.4425210172531755
2023_BITS1q_HER_ZatokaGdanska_Embedded_Sharpest_FishIndex32_Single1_Left.jpg,2,2,2,1.0796499547531753
2023_BITS1q_HER_ZatokaGdanska_Embedded_Sharpest_FishIndex32_Single2_Right.jpg,2,2,2,1.0711983922531754
2023_BITS1q_HER_ZatokaGdanska_Embedded_Sharpest_FishIndex41_Single1_Right.jpg,8,8,8,6.677084517253176
2023_BITS1q_HER_ZatokaGdanska_Embedded_Sharpest_FishIndex41_Single2_Left.jpg,8,8,8,6.888123454753176
2023_BITS1q_HER_ZatokaGdanska_Embedded_Sharpest_FishIndex42_Single1_Left.jpg,4,4,4,3.4614104547531754
2023_BITS1q_HER_ZatokaGdanska_Embedded_Sharpest_FishIndex42_Single2_Right.jpg,4,3,3,1.8854970797531756
2023_BITS1q_HER_ZatokaGdanska_Embedded_Sharpest_FishIndex4_Single1_Left.jpg,0,0,0,-4.871266295246825
2023_BITS1q_HER_ZatokaGdanska_Embedded_Sharpest_FishIndex4_Single2_Right.jpg,0,0,0,-6.756354295246823
2023_BITS1q_HER_ZatokaGdanska_Embedded_Sharpest_FishIndex51_Single1_Left.jpg,0,0,0,-8.855298045246824
2023_BITS1q_HER_ZatokaGdanska_Embedded_Sharpest_FishIndex51_Single2_Right.jpg,0,0,0,-8.351925232746824
2023_BITS1q_HER_ZatokaGdanska_Embedded_Sharpest_FishIndex57_Single1_Left.jpg,1,0,1,-0.21220692024682478
2023_BITS1q_HER_ZatokaGdanska_Embedded_Sharpest_FishIndex57_Single2_Right.jpg,1,2,2,0.8581020797531752
2023_BITS1q_HER_ZatokaGdanska_Embedded_Sharpest_FishIndex65_Single1_Right.jpg,1,2,2,0.9250933922531753
2023_BITS1q_HER_ZatokaGdanska_Embedded_Sharpest_FishIndex65_Single2_Left.jpg,1,1,1,0.46308707975317553
2023_BITS1q_HER_ZatokaGdanska_Embedded_Sharpest_FishIndex7_Single1_Right.jpg,3,3,4,2.5485439547531756
2023_BITS1q_HER_ZatokaGdanska_Embedded_Sharpest_FishIndex7_Single2_Left.jpg,3,4,4,2.6676115172531754
2023_BITS1q_HER_ZatokaGdanska_Embedded_Sharpest_FishIndex80_Single1_Right.jpg,7,5,5,3.916475329753176
2023_BITS1q_HER_ZatokaGdanska_Embedded_Sharpest_FishIndex80_Single2_Left.jpg,7,6,6,5.031049142253176
2023_BITS1q_HER_ZatokaGdanska_Embedded_Sharpest_FishIndex81_Single1_Right.jpg,4,4,4,2.7398900172531753
2023_BITS1q_HER_ZatokaGdanska_Embedded_Sharpest_FishIndex81_Single2_Left.jpg,4,3,3,1.9766484547531755
2023_BITS1q_HER_ZatokaGdanska_Embedded_Sharpest_FishIndex87_Single1_Right.jpg,0,0,0,-8.059031420246825
2023_BITS1q_HER_ZatokaGdanska_Embedded_Sharpest_FishIndex87_Single2_Left.jpg,0,0,0,-9.017112920246824
2023_BITS1q_HER_ZatokaGdanska_Embedded_Sharpest_FishIndex89_Single1_Left.jpg,0,0,0,-8.116932295246825
2023_BITS1q_HER_ZatokaGdanska_Embedded_Sharpest_FishIndex89_Single2_Right.jpg,0,0,0,-7.120828607746824
2023_BITS1q_HER_ZatokaGdanska_Embedded_Sharpest_FishIndex97_Single1_Left.jpg,0,0,0,-8.253098420246824
2023_BITS1q_HER_ZatokaGdanska_Embedded_Sharpest_FishIndex97_Single2_Right.jpg,0,0,0,-8.921686170246824
2023_BITS4q_HER_BornholmskieS_Embedded_Sharpest_FishIndex19_Single1_Left.jpg,4,4,4,2.9071430797531748
2023_BITS4q_HER_BornholmskieS_Embedded_Sharpest_FishIndex19_Single2_Right.jpg,4,4,4,2.7335238297531754
2023_BITS4q_HER_BornholmskieS_Embedded_Sharpest_FishIndex1_Single1_Left.jpg,0,0,0,-2.379914170246825
2023_BITS4q_HER_BornholmskieS_Embedded_Sharpest_FishIndex1_Single2_Right.jpg,0,0,0,-4.113249857746824
2023_BITS4q_HER_BornholmskieS_Embedded_Sharpest_FishIndex25_Single1_Left.jpg,5,4,4,2.9331282672531755
2023_BITS4q_HER_BornholmskieS_Embedded_Sharpest_FishIndex25_Single2_Right.jpg,5,5,4,3.6163691422531756
2023_BITS4q_HER_BornholmskieS_Embedded_Sharpest_FishIndex37_Single1_Right.jpg,0,0,0,-8.636549045246824
2023_BITS4q_HER_BornholmskieS_Embedded_Sharpest_FishIndex37_Single2_Left.jpg,0,0,0,-5.587908795246825
2023_BITS4q_HER_BornholmskieS_Embedded_Sharpest_FishIndex43_Single1_Left.jpg,0,0,0,-7.487731420246824
2023_BITS4q_HER_BornholmskieS_Embedded_Sharpest_FishIndex43_Single2_Right.jpg,0,0,0,-9.382462420246824
2023_BITS4q_HER_BornholmskieS_Embedded_Sharpest_FishIndex47_Single1_Left.jpg,0,0,0,-6.830608607746825
2023_BITS4q_HER_BornholmskieS_Embedded_Sharpest_FishIndex47_Single2_Right.jpg,0,0,0,-6.858677107746825
2023_BITS4q_HER_BornholmskieS_Embedded_Sharpest_FishIndex51_Single1_Right.jpg,2,2,2,1.3299393297531752
2023_BITS4q_HER_BornholmskieS_Embedded_Sharpest_FishIndex51_Single2_Left.jpg,2,2,2,1.5919560172531755
2023_BITS4q_HER_BornholmskieS_Embedded_Sharpest_FishIndex54_Single1_Right.jpg,3,3,3,2.158496954753175
2023_BITS4q_HER_BornholmskieS_Embedded_Sharpest_FishIndex54_Single2_Left.jpg,3,3,3,2.116891954753176
2023_BITS4q_HER_BornholmskieS_Embedded_Sharpest_FishIndex61_Single1_Left.jpg,1,0,1,-0.16605848274682455
2023_BITS4q_HER_BornholmskieS_Embedded_Sharpest_FishIndex63_Single1_Left.jpg,3,3,3,1.8420790797531756
2023_BITS4q_HER_BornholmskieS_Embedded_Sharpest_FishIndex63_Single2_Right.jpg,3,2,2,1.602484204753175
2023_BITS4q_HER_BornholmskieS_Embedded_Sharpest_FishIndex71_Single1_Left.jpg,2,3,3,2.3759149547531755
2023_BITS4q_HER_BornholmskieS_Embedded_Sharpest_FishIndex71_Single2_Right.jpg,2,3,3,1.7482542047531755
2023_BITS4q_HER_BornholmskieS_Embedded_Sharpest_FishIndex74_Single1_Right.jpg,5,5,5,4.288987079753174
2023_BITS4q_HER_BornholmskieS_Embedded_Sharpest_FishIndex74_Single2_Left.jpg,5,5,5,3.818525892253175
2023_BITS4q_HER_BornholmskieS_Embedded_Sharpest_FishIndex7_Single1_Left.jpg,0,0,0,-8.008597420246824
2023_BITS4q_HER_BornholmskieS_Embedded_Sharpest_FishIndex7_Single2_Right.jpg,0,0,0,-7.753077357746824
2023_BITS4q_HER_BornholmskieS_Embedded_Sharpest_FishIndex83_Single1_Right.jpg,3,3,3,2.4228440172531753
2023_BITS4q_HER_BornholmskieS_Embedded_Sharpest_FishIndex83_Single2_Left.jpg,3,3,3,2.1064486422531754
2023_BITS4q_HER_BornholmskieS_Embedded_Sharpest_FishIndex85_Single1_Right.jpg,3,4,4,2.945396392253175
2023_BITS4q_HER_BornholmskieS_Embedded_Sharpest_FishIndex85_Single2_Left.jpg,3,4,4,2.940966767253176
2023_BITS4q_HER_BornholmskieS_Embedded_Sharpest_FishIndex89_Single1_Right.jpg,3,3,3,2.1706585797531748
2023_BITS4q_HER_BornholmskieS_Embedded_Sharpest_FishIndex89_Single2_Left.jpg,3,3,4,2.5435385172531753
2023_BITS4q_HER_BornholmskieS_Embedded_Sharpest_FishIndex93_Single1_Left.jpg,4,5,5,4.057613329753175
2023_BITS4q_HER_BornholmskieS_Embedded_Sharpest_FishIndex93_Single2_Right.jpg,4,4,4,2.809011329753176
2023_BITS4q_HER_GlebiaGdanska_Embedded_Sharpest_FishIndex10_Single1_Left.jpg,0,0,0,-7.456572795246824
2023_BITS4q_HER_GlebiaGdanska_Embedded_Sharpest_FishIndex10_Single2_Right.jpg,0,0,0,-7.017184545246825
2023_BITS4q_HER_GlebiaGdanska_Embedded_Sharpest_FishIndex14_Single1_Right.jpg,0,0,0,-8.275776295246823
2023_BITS4q_HER_GlebiaGdanska_Embedded_Sharpest_FishIndex14_Single2_Left.jpg,0,0,0,-7.476731295246824
2023_BITS4q_HER_GlebiaGdanska_Embedded_Sharpest_FishIndex15_Single1_Right.jpg,0,0,0,-6.341465170246824
2023_BITS4q_HER_GlebiaGdanska_Embedded_Sharpest_FishIndex15_Single2_Left.jpg,0,0,0,-1.9562198577468246
2023_BITS4q_HER_GlebiaGdanska_Embedded_Sharpest_FishIndex18_Single1_Left.jpg,1,1,1,0.6652709547531753
2023_BITS4q_HER_GlebiaGdanska_Embedded_Sharpest_FishIndex18_Single2_Right.jpg,1,1,1,0.6859103297531756
2023_BITS4q_HER_GlebiaGdanska_Embedded_Sharpest_FishIndex21_Single1_Right.jpg,1,1,1,0.14414895475317518
2023_BITS4q_HER_GlebiaGdanska_Embedded_Sharpest_FishIndex21_Single2_Left.jpg,1,1,1,0.17715082975317548
2023_BITS4q_HER_GlebiaGdanska_Embedded_Sharpest_FishIndex30_Single1_Left.jpg,1,1,1,0.6970963297531754
2023_BITS4q_HER_GlebiaGdanska_Embedded_Sharpest_FishIndex43_Single1_Left.jpg,2,2,2,1.5082490797531758
2023_BITS4q_HER_GlebiaGdanska_Embedded_Sharpest_FishIndex43_Single2_Right.jpg,2,2,2,1.3275734547531757
2023_BITS4q_HER_GlebiaGdanska_Embedded_Sharpest_FishIndex46_Single1_Right.jpg,4,6,6,4.815064954753176
2023_BITS4q_HER_GlebiaGdanska_Embedded_Sharpest_FishIndex67_Single1_Right.jpg,6,5,5,4.134929142253175
2023_BITS4q_HER_GlebiaGdanska_Embedded_Sharpest_FishIndex6_Single1_Left.jpg,0,0,0,-8.442552545246823
2023_BITS4q_HER_GlebiaGdanska_Embedded_Sharpest_FishIndex6_Single2_Right.jpg,0,0,0,-6.045117795246825
2023_BITS4q_HER_GlebiaGdanska_Embedded_Sharpest_FishIndex71_Single1_Right.jpg,3,4,4,2.6990412672531754
2023_BITS4q_HER_GlebiaGdanska_Embedded_Sharpest_FishIndex71_Single2_Left.jpg,3,3,3,2.0243749547531755
2023_BITS4q_HER_GlebiaGdanska_Embedded_Sharpest_FishIndex76_Single1_Right.jpg,5,6,6,4.507840579753176
2023_BITS4q_HER_GlebiaGdanska_Embedded_Sharpest_FishIndex76_Single2_Left.jpg,5,4,4,3.515647767253175
2023_BITS4q_HER_GlebiaGdanska_Embedded_Sharpest_FishIndex8_Single1_Right.jpg,0,0,0,-7.708790607746824
2023_BITS4q_HER_GotlandzkieS_Embedded_Sharpest_FishIndex23_Single1_Left.jpg,4,4,4,3.2496776422531752
2023_BITS4q_HER_GotlandzkieS_Embedded_Sharpest_FishIndex23_Single2_Right.jpg,4,3,3,2.447701767253175
2023_BITS4q_HER_GotlandzkieS_Embedded_Sharpest_FishIndex24_Single1_Right.jpg,4,5,5,4.136973329753175
2023_BITS4q_HER_GotlandzkieS_Embedded_Sharpest_FishIndex24_Single2_Left.jpg,4,5,5,3.8487688297531752
2023_BITS4q_HER_GotlandzkieS_Embedded_Sharpest_FishIndex2_Single1_Left.jpg,1,0,1,-1.2221804827468246
2023_BITS4q_HER_GotlandzkieS_Embedded_Sharpest_FishIndex2_Single2_Right.jpg,1,0,1,-0.4246167952468247
2023_BITS4q_HER_GotlandzkieS_Embedded_Sharpest_FishIndex34_Single1_Left.jpg,6,5,5,4.3401780797531755
2023_BITS4q_HER_GotlandzkieS_Embedded_Sharpest_FishIndex34_Single2_Right.jpg,6,6,6,4.554243079753176
2023_BITS4q_HER_GotlandzkieS_Embedded_Sharpest_FishIndex46_Single2_Right.jpg,1,1,1,0.1762249547531753
2023_BITS4q_HER_GotlandzkieS_Embedded_Sharpest_FishIndex48_Single1_Right.jpg,4,3,3,2.378961767253175
2023_BITS4q_HER_GotlandzkieS_Embedded_Sharpest_FishIndex48_Single2_Left.jpg,4,3,3,2.4069862672531745
2023_BITS4q_HER_GotlandzkieS_Embedded_Sharpest_FishIndex49_Single1_Left.jpg,3,3,3,2.366407954753175
2023_BITS4q_HER_GotlandzkieS_Embedded_Sharpest_FishIndex49_Single2_Right.jpg,3,3,3,1.9495907672531754
2023_BITS4q_HER_GotlandzkieS_Embedded_Sharpest_FishIndex53_Single1_Right.jpg,4,4,4,3.2769870797531753
2023_BITS4q_HER_GotlandzkieS_Embedded_Sharpest_FishIndex53_Single2_Left.jpg,4,4,4,2.893176017253175
2023_BITS4q_HER_GotlandzkieS_Embedded_Sharpest_FishIndex60_Single1_Right.jpg,3,4,4,2.9951253297531757
2023_BITS4q_HER_GotlandzkieS_Embedded_Sharpest_FishIndex60_Single2_Left.jpg,3,4,4,2.633019454753175
2023_BITS4q_HER_GotlandzkieS_Embedded_Sharpest_FishIndex62_Single1_Left.jpg,6,5,5,3.817828704753175
2023_BITS4q_HER_GotlandzkieS_Embedded_Sharpest_FishIndex62_Single2_Right.jpg,6,5,5,3.9947451422531755
2023_BITS4q_HER_GotlandzkieS_Embedded_Sharpest_FishIndex73_Single1_Left.jpg,2,3,3,1.6638205797531755
2023_BITS4q_HER_GotlandzkieS_Embedded_Sharpest_FishIndex73_Single2_Right.jpg,2,2,2,1.330719017253175
2023_BITS4q_HER_KolobrzeskoDarlowskie_Embedded_Sharpest_FishIndex104_Single2_Right.jpg,2,3,3,1.8547162047531756
2023_BITS4q_HER_KolobrzeskoDarlowskie_Embedded_Sharpest_FishIndex105_Single1_Left.jpg,1,1,1,0.1649156422531754
2023_BITS4q_HER_KolobrzeskoDarlowskie_Embedded_Sharpest_FishIndex105_Single2_Right.jpg,1,1,1,0.6084250797531752
2023_BITS4q_HER_KolobrzeskoDarlowskie_Embedded_Sharpest_FishIndex106_Single1_Left.jpg,6,7,7,5.5716677672531745
2023_BITS4q_HER_KolobrzeskoDarlowskie_Embedded_Sharpest_FishIndex106_Single2_Right.jpg,6,5,5,4.046012454753175
2023_BITS4q_HER_KolobrzeskoDarlowskie_Embedded_Sharpest_FishIndex10_Single1_Right.jpg,0,0,0,-8.845768295246826
2023_BITS4q_HER_KolobrzeskoDarlowskie_Embedded_Sharpest_FishIndex10_Single2_Left.jpg,0,0,0,-9.422323295246825
2023_BITS4q_HER_KolobrzeskoDarlowskie_Embedded_Sharpest_FishIndex114_Single1_Left.jpg,4,4,4,2.631279517253175
2023_BITS4q_HER_KolobrzeskoDarlowskie_Embedded_Sharpest_FishIndex114_Single2_Right.jpg,4,3,3,2.227170017253176
2023_BITS4q_HER_KolobrzeskoDarlowskie_Embedded_Sharpest_FishIndex118_Single1_Right.jpg,4,3,3,2.0957987672531755
2023_BITS4q_HER_KolobrzeskoDarlowskie_Embedded_Sharpest_FishIndex118_Single2_Left.jpg,4,4,4,2.700325517253175
2023_BITS4q_HER_KolobrzeskoDarlowskie_Embedded_Sharpest_FishIndex120_Single1_Left.jpg,7,10,9,8.259210454753175
2023_BITS4q_HER_KolobrzeskoDarlowskie_Embedded_Sharpest_FishIndex120_Single2_Right.jpg,7,7,8,6.269749704753176
2023_BITS4q_HER_KolobrzeskoDarlowskie_Embedded_Sharpest_FishIndex127_Single1_Left.jpg,0,0,0,-8.701180420246825
2023_BITS4q_HER_KolobrzeskoDarlowskie_Embedded_Sharpest_FishIndex127_Single2_Right.jpg,0,0,0,-7.211973107746824
2023_BITS4q_HER_KolobrzeskoDarlowskie_Embedded_Sharpest_FishIndex147_Single1_Left.jpg,0,0,0,-6.623275920246825
2023_BITS4q_HER_KolobrzeskoDarlowskie_Embedded_Sharpest_FishIndex147_Single2_Right.jpg,0,0,0,-8.284574420246825
2023_BITS4q_HER_KolobrzeskoDarlowskie_Embedded_Sharpest_FishIndex149_Single1_Right.jpg,4,4,4,2.7955054547531755
2023_BITS4q_HER_KolobrzeskoDarlowskie_Embedded_Sharpest_FishIndex149_Single2_Left.jpg,4,4,4,2.891362704753176
2023_BITS4q_HER_KolobrzeskoDarlowskie_Embedded_Sharpest_FishIndex14_Single1_Right.jpg,0,0,0,-8.556612045246823
2023_BITS4q_HER_KolobrzeskoDarlowskie_Embedded_Sharpest_FishIndex14_Single2_Left.jpg,0,0,0,-10.159929357746826
2023_BITS4q_HER_KolobrzeskoDarlowskie_Embedded_Sharpest_FishIndex158_Single1_Right.jpg,1,1,1,0.5817299547531753
2023_BITS4q_HER_KolobrzeskoDarlowskie_Embedded_Sharpest_FishIndex158_Single2_Left.jpg,1,1,1,0.6709402672531752
2023_BITS4q_HER_KolobrzeskoDarlowskie_Embedded_Sharpest_FishIndex168_Single1_Left.jpg,5,7,7,5.852798517253175
2023_BITS4q_HER_KolobrzeskoDarlowskie_Embedded_Sharpest_FishIndex168_Single2_Right.jpg,5,5,5,4.3449082047531755
2023_BITS4q_HER_KolobrzeskoDarlowskie_Embedded_Sharpest_FishIndex16_Single1_Right.jpg,0,0,0,-8.008807107746824
2023_BITS4q_HER_KolobrzeskoDarlowskie_Embedded_Sharpest_FishIndex16_Single2_Left.jpg,0,0,0,-8.951179732746825
2023_BITS4q_HER_KolobrzeskoDarlowskie_Embedded_Sharpest_FishIndex21_Single1_Right.jpg,1,1,1,-0.006533732746824541
2023_BITS4q_HER_KolobrzeskoDarlowskie_Embedded_Sharpest_FishIndex21_Single2_Left.jpg,1,1,1,0.18857989225317537
2023_BITS4q_HER_KolobrzeskoDarlowskie_Embedded_Sharpest_FishIndex22_Single1_Left.jpg,2,3,3,2.0489563922531753
2023_BITS4q_HER_KolobrzeskoDarlowskie_Embedded_Sharpest_FishIndex22_Single2_Right.jpg,2,2,2,1.1038157047531754
2023_BITS4q_HER_KolobrzeskoDarlowskie_Embedded_Sharpest_FishIndex32_Single1_Left.jpg,3,3,3,1.8146240172531751
2023_BITS4q_HER_KolobrzeskoDarlowskie_Embedded_Sharpest_FishIndex32_Single2_Right.jpg,3,3,3,2.1323590797531753
2023_BITS4q_HER_KolobrzeskoDarlowskie_Embedded_Sharpest_FishIndex35_Single1_Right.jpg,4,4,4,3.5318712672531754
2023_BITS4q_HER_KolobrzeskoDarlowskie_Embedded_Sharpest_FishIndex35_Single2_Left.jpg,4,5,5,4.082335517253175
2023_BITS4q_HER_KolobrzeskoDarlowskie_Embedded_Sharpest_FishIndex44_Single1_Left.jpg,3,3,3,2.102000142253175
2023_BITS4q_HER_KolobrzeskoDarlowskie_Embedded_Sharpest_FishIndex44_Single2_Right.jpg,3,3,3,2.4107140797531756
2023_BITS4q_HER_KolobrzeskoDarlowskie_Embedded_Sharpest_FishIndex47_Single1_Right.jpg,4,4,4,2.9355130172531756
2023_BITS4q_HER_KolobrzeskoDarlowskie_Embedded_Sharpest_FishIndex47_Single2_Left.jpg,4,4,4,2.899965204753175
2023_BITS4q_HER_KolobrzeskoDarlowskie_Embedded_Sharpest_FishIndex58_Single1_Left.jpg,9,8,8,7.049747954753175
2023_BITS4q_HER_KolobrzeskoDarlowskie_Embedded_Sharpest_FishIndex58_Single2_Right.jpg,9,9,9,7.446978517253175
2023_BITS4q_HER_KolobrzeskoDarlowskie_Embedded_Sharpest_FishIndex59_Single1_Right.jpg,11,7,7,5.723000517253175
2023_BITS4q_HER_KolobrzeskoDarlowskie_Embedded_Sharpest_FishIndex59_Single2_Left.jpg,11,9,9,7.470919517253175
2023_BITS4q_HER_KolobrzeskoDarlowskie_Embedded_Sharpest_FishIndex65_Single1_Right.jpg,12,8,8,6.825154204753175
2023_BITS4q_HER_KolobrzeskoDarlowskie_Embedded_Sharpest_FishIndex65_Single2_Left.jpg,12,10,9,8.438501267253175
2023_BITS4q_HER_KolobrzeskoDarlowskie_Embedded_Sharpest_FishIndex68_Single1_Right.jpg,11,10,9,8.828130704753175
2023_BITS4q_HER_KolobrzeskoDarlowskie_Embedded_Sharpest_FishIndex68_Single2_Left.jpg,11,9,9,7.887701517253175
2023_BITS4q_HER_KolobrzeskoDarlowskie_Embedded_Sharpest_FishIndex75_Single1_Left.jpg,0,0,0,-8.652988795246825
2023_BITS4q_HER_KolobrzeskoDarlowskie_Embedded_Sharpest_FishIndex75_Single2_Right.jpg,0,0,0,-8.408980420246825
2023_BITS4q_HER_KolobrzeskoDarlowskie_Embedded_Sharpest_FishIndex76_Single1_Left.jpg,0,0,0,-7.940683357746824
2023_BITS4q_HER_KolobrzeskoDarlowskie_Embedded_Sharpest_FishIndex76_Single2_Right.jpg,0,0,0,-9.877628670246825
2023_BITS4q_HER_KolobrzeskoDarlowskie_Embedded_Sharpest_FishIndex78_Single1_Right.jpg,0,0,0,-6.994768732746823
2023_BITS4q_HER_KolobrzeskoDarlowskie_Embedded_Sharpest_FishIndex78_Single2_Left.jpg,0,0,0,-7.813289795246824
2023_BITS4q_HER_KolobrzeskoDarlowskie_Embedded_Sharpest_FishIndex82_Single1_Left.jpg,0,0,0,-7.426696982746824
2023_BITS4q_HER_KolobrzeskoDarlowskie_Embedded_Sharpest_FishIndex82_Single2_Right.jpg,0,0,0,-8.346790670246824
2023_BITS4q_HER_KolobrzeskoDarlowskie_Embedded_Sharpest_FishIndex84_Single1_Left.jpg,0,0,0,-8.317400045246824
2023_BITS4q_HER_KolobrzeskoDarlowskie_Embedded_Sharpest_FishIndex84_Single2_Right.jpg,0,0,0,-8.320196107746824
2023_BITS4q_HER_KolobrzeskoDarlowskie_Embedded_Sharpest_FishIndex88_Single1_Left.jpg,0,0,0,-9.186770420246823
2023_BITS4q_HER_KolobrzeskoDarlowskie_Embedded_Sharpest_FishIndex88_Single2_Right.jpg,0,0,0,-8.805259857746826
2023_BITS4q_HER_KolobrzeskoDarlowskie_Embedded_Sharpest_FishIndex90_Single1_Left.jpg,0,0,0,-9.150631232746825
2023_BITS4q_HER_KolobrzeskoDarlowskie_Embedded_Sharpest_FishIndex90_Single2_Right.jpg,0,0,0,-7.864249107746825
2023_BITS4q_HER_KolobrzeskoDarlowskie_Embedded_Sharpest_FishIndex91_Single1_Left.jpg,0,0,0,-8.695165607746823
2023_BITS4q_HER_KolobrzeskoDarlowskie_Embedded_Sharpest_FishIndex91_Single2_Right.jpg,0,0,0,-8.534408857746824
2023_BITS4q_HER_KolobrzeskoDarlowskie_Embedded_Sharpest_FishIndex95_Single1_Left.jpg,1,1,1,0.05662089225317533
2023_BITS4q_HER_KolobrzeskoDarlowskie_Embedded_Sharpest_FishIndex95_Single2_Right.jpg,1,2,2,1.603617767253175
2023_BITS4q_HER_KolobrzeskoDarlowskie_Embedded_Sharpest_FishIndex96_Single1_Right.jpg,2,2,2,1.194551517253175
2023_BITS4q_HER_KolobrzeskoDarlowskie_Embedded_Sharpest_FishIndex96_Single2_Left.jpg,2,2,2,0.9797338297531752
2023_BITS4q_HER_KolobrzeskoDarlowskie_Embedded_Sharpest_FishIndex97_Single1_Left.jpg,5,4,4,3.4699134547531756
2023_BITS4q_HER_KolobrzeskoDarlowskie_Embedded_Sharpest_FishIndex97_Single2_Right.jpg,5,5,5,4.271987454753176
2023_BITS4q_HER_LawicaSrodkowa_Embedded_Sharpest_FishIndex10_Single1_Left.jpg,5,5,5,3.7553652672531754
2023_BITS4q_HER_LawicaSrodkowa_Embedded_Sharpest_FishIndex10_Single2_Right.jpg,5,6,6,4.675322079753175
2023_BITS4q_HER_LawicaSrodkowa_Embedded_Sharpest_FishIndex14_Single1_Left.jpg,4,4,4,2.8205060797531756
2023_BITS4q_HER_LawicaSrodkowa_Embedded_Sharpest_FishIndex14_Single2_Right.jpg,4,4,4,2.976077954753176
2023_BITS4q_HER_LawicaSrodkowa_Embedded_Sharpest_FishIndex16_Single1_Left.jpg,4,3,3,2.2815351422531753
2023_BITS4q_HER_LawicaSrodkowa_Embedded_Sharpest_FishIndex16_Single2_Right.jpg,4,4,4,2.6434675172531756
2023_BITS4q_HER_LawicaSrodkowa_Embedded_Sharpest_FishIndex18_Single1_Right.jpg,3,2,2,1.1523018922531754
2023_BITS4q_HER_LawicaSrodkowa_Embedded_Sharpest_FishIndex18_Single2_Left.jpg,3,3,3,2.072396204753175
2023_BITS4q_HER_LawicaSrodkowa_Embedded_Sharpest_FishIndex31_Single1_Right.jpg,4,3,3,2.470260017253175
2023_BITS4q_HER_LawicaSrodkowa_Embedded_Sharpest_FishIndex31_Single2_Left.jpg,4,4,4,3.037625204753175
2023_BITS4q_HER_LawicaSrodkowa_Embedded_Sharpest_FishIndex33_Single1_Right.jpg,4,6,7,5.362762517253175
2023_BITS4q_HER_LawicaSrodkowa_Embedded_Sharpest_FishIndex33_Single2_Left.jpg,4,6,6,5.0089463922531765
2023_BITS4q_HER_LawicaSrodkowa_Embedded_Sharpest_FishIndex3_Single1_Right.jpg,1,0,1,-0.06355954524682453
2023_BITS4q_HER_LawicaSrodkowa_Embedded_Sharpest_FishIndex3_Single2_Left.jpg,1,1,1,0.4566456422531754
2023_BITS4q_HER_LawicaSrodkowa_Embedded_Sharpest_FishIndex45_Single1_Left.jpg,8,7,8,6.102338954753174
2023_BITS4q_HER_LawicaSrodkowa_Embedded_Sharpest_FishIndex45_Single2_Right.jpg,8,9,9,7.495566954753175
2023_BITS4q_HER_LawicaSrodkowa_Embedded_Sharpest_FishIndex53_Single1_Right.jpg,6,7,7,5.624178392253176
2023_BITS4q_HER_LawicaSrodkowa_Embedded_Sharpest_FishIndex53_Single2_Left.jpg,6,8,8,6.946347829753175
2023_BITS4q_HER_RynnaSlupska_Embedded_Sharpest_FishIndex104_Single1_Left.jpg,3,3,3,1.8288029547531752
2023_BITS4q_HER_RynnaSlupska_Embedded_Sharpest_FishIndex104_Single2_Right.jpg,3,3,3,2.382006142253175
2023_BITS4q_HER_RynnaSlupska_Embedded_Sharpest_FishIndex16_Single1_Left.jpg,4,4,4,3.0037103297531753
2023_BITS4q_HER_RynnaSlupska_Embedded_Sharpest_FishIndex16_Single2_Right.jpg,4,3,3,2.5214966422531755
2023_BITS4q_HER_RynnaSlupska_Embedded_Sharpest_FishIndex2_Single1_Right.jpg,0,0,0,-5.187805732746824
2023_BITS4q_HER_RynnaSlupska_Embedded_Sharpest_FishIndex2_Single2_Left.jpg,0,0,0,-5.790431420246824
2023_BITS4q_HER_RynnaSlupska_Embedded_Sharpest_FishIndex42_Single1_Left.jpg,7,7,7,5.596646204753175
2023_BITS4q_HER_RynnaSlupska_Embedded_Sharpest_FishIndex42_Single2_Right.jpg,7,6,6,4.849719017253175
2023_BITS4q_HER_RynnaSlupska_Embedded_Sharpest_FishIndex50_Single1_Left.jpg,4,5,5,3.7179641422531753
2023_BITS4q_HER_RynnaSlupska_Embedded_Sharpest_FishIndex50_Single2_Right.jpg,4,4,4,3.1578883297531757
2023_BITS4q_HER_RynnaSlupska_Embedded_Sharpest_FishIndex51_Single1_Left.jpg,4,4,4,3.2463530797531757
2023_BITS4q_HER_RynnaSlupska_Embedded_Sharpest_FishIndex51_Single2_Right.jpg,4,5,5,3.7376832047531754
2023_BITS4q_HER_RynnaSlupska_Embedded_Sharpest_FishIndex65_Single1_Right.jpg,0,0,0,-8.082105607746824
2023_BITS4q_HER_RynnaSlupska_Embedded_Sharpest_FishIndex65_Single2_Left.jpg,0,0,0,-7.5504525452468245
2023_BITS4q_HER_RynnaSlupska_Embedded_Sharpest_FishIndex68_Single1_Right.jpg,1,0,1,-0.5925969827468247
2023_BITS4q_HER_RynnaSlupska_Embedded_Sharpest_FishIndex68_Single2_Left.jpg,1,0,1,-0.10598385774682481
2023_BITS4q_HER_RynnaSlupska_Embedded_Sharpest_FishIndex73_Single1_Left.jpg,5,5,5,4.024492892253175
2023_BITS4q_HER_RynnaSlupska_Embedded_Sharpest_FishIndex73_Single2_Right.jpg,5,5,4,3.6747130172531746
2023_BITS4q_HER_RynnaSlupska_Embedded_Sharpest_FishIndex74_Single1_Right.jpg,4,4,4,3.326399267253175
2023_BITS4q_HER_RynnaSlupska_Embedded_Sharpest_FishIndex74_Single2_Left.jpg,4,4,4,2.7299910172531754
2023_BITS4q_HER_RynnaSlupska_Embedded_Sharpest_FishIndex75_Single1_Right.jpg,5,5,5,3.758010704753176
2023_BITS4q_HER_RynnaSlupska_Embedded_Sharpest_FishIndex75_Single2_Left.jpg,5,5,5,4.411723517253176
2023_BITS4q_HER_RynnaSlupska_Embedded_Sharpest_FishIndex77_Single1_Right.jpg,5,4,4,3.5087408922531753
2023_BITS4q_HER_RynnaSlupska_Embedded_Sharpest_FishIndex77_Single2_Left.jpg,5,6,6,4.928794954753175
2023_BITS4q_HER_RynnaSlupska_Embedded_Sharpest_FishIndex8_Single1_Right.jpg,0,0,0,-6.750323232746824
2023_BITS4q_HER_RynnaSlupska_Embedded_Sharpest_FishIndex8_Single2_Left.jpg,0,0,0,-8.122841170246824
2023_BITS4q_HER_UsteckoLebskie_Embedded_Sharpest_FishIndex101_Single1_Right.jpg,6,5,5,4.360017954753175
2023_BITS4q_HER_UsteckoLebskie_Embedded_Sharpest_FishIndex101_Single2_Left.jpg,6,5,5,4.412861392253175
2023_BITS4q_HER_UsteckoLebskie_Embedded_Sharpest_FishIndex105_Single1_Right.jpg,4,4,4,2.972239017253176
2023_BITS4q_HER_UsteckoLebskie_Embedded_Sharpest_FishIndex105_Single2_Left.jpg,4,4,4,3.057095454753175
2023_BITS4q_HER_UsteckoLebskie_Embedded_Sharpest_FishIndex114_Single1_Left.jpg,5,6,7,5.397570579753176
2023_BITS4q_HER_UsteckoLebskie_Embedded_Sharpest_FishIndex116_Single1_Left.jpg,0,0,0,-9.350815045246822
2023_BITS4q_HER_UsteckoLebskie_Embedded_Sharpest_FishIndex116_Single2_Right.jpg,0,0,0,-4.467867482746824
2023_BITS4q_HER_UsteckoLebskie_Embedded_Sharpest_FishIndex128_Single1_Left.jpg,10,9,8,7.349590204753175
2023_BITS4q_HER_UsteckoLebskie_Embedded_Sharpest_FishIndex128_Single2_Right.jpg,10,8,8,7.1965780172531755
2023_BITS4q_HER_UsteckoLebskie_Embedded_Sharpest_FishIndex145_Single1_Left.jpg,15,5,5,4.316888954753176
2023_BITS4q_HER_UsteckoLebskie_Embedded_Sharpest_FishIndex145_Single2_Right.jpg,15,11,9,9.034628954753176
2023_BITS4q_HER_UsteckoLebskie_Embedded_Sharpest_FishIndex21_Single1_Left.jpg,4,2,3,1.6401891422531758
2023_BITS4q_HER_UsteckoLebskie_Embedded_Sharpest_FishIndex21_Single2_Right.jpg,4,4,4,2.867241392253175
2023_BITS4q_HER_UsteckoLebskie_Embedded_Sharpest_FishIndex34_Single1_Left.jpg,2,2,3,1.6402677672531758
2023_BITS4q_HER_UsteckoLebskie_Embedded_Sharpest_FishIndex34_Single2_Right.jpg,2,2,2,1.2655379547531753
2023_BITS4q_HER_UsteckoLebskie_Embedded_Sharpest_FishIndex36_Single1_Right.jpg,5,3,3,2.500131517253176
2023_BITS4q_HER_UsteckoLebskie_Embedded_Sharpest_FishIndex36_Single2_Left.jpg,5,4,4,3.1657829547531753
2023_BITS4q_HER_UsteckoLebskie_Embedded_Sharpest_FishIndex38_Single1_Right.jpg,4,4,4,3.0283330797531756
2023_BITS4q_HER_UsteckoLebskie_Embedded_Sharpest_FishIndex38_Single2_Left.jpg,4,3,4,2.5443778297531754
2023_BITS4q_HER_UsteckoLebskie_Embedded_Sharpest_FishIndex39_Single1_Right.jpg,6,4,4,2.6884099547531752
2023_BITS4q_HER_UsteckoLebskie_Embedded_Sharpest_FishIndex39_Single2_Left.jpg,6,4,4,3.4928545172531758
2023_BITS4q_HER_UsteckoLebskie_Embedded_Sharpest_FishIndex50_Single1_Right.jpg,4,5,4,3.595228704753175
2023_BITS4q_HER_UsteckoLebskie_Embedded_Sharpest_FishIndex50_Single2_Left.jpg,4,6,6,4.765450079753176
2023_BITS4q_HER_UsteckoLebskie_Embedded_Sharpest_FishIndex56_Single1_Right.jpg,5,3,3,2.2274264547531755
2023_BITS4q_HER_UsteckoLebskie_Embedded_Sharpest_FishIndex56_Single2_Left.jpg,5,6,6,4.826081892253176
2023_BITS4q_HER_UsteckoLebskie_Embedded_Sharpest_FishIndex59_Single2_Left.jpg,0,0,0,-7.097151982746825
2023_BITS4q_HER_UsteckoLebskie_Embedded_Sharpest_FishIndex67_Single1_Right.jpg,0,0,0,-7.8444164827468255
2023_BITS4q_HER_UsteckoLebskie_Embedded_Sharpest_FishIndex67_Single2_Left.jpg,0,0,0,-7.081488545246823
2023_BITS4q_HER_UsteckoLebskie_Embedded_Sharpest_FishIndex77_Single1_Right.jpg,0,0,0,-8.718610670246823
2023_BITS4q_HER_UsteckoLebskie_Embedded_Sharpest_FishIndex77_Single2_Left.jpg,0,0,0,-8.683524107746823
2023_BITS4q_HER_UsteckoLebskie_Embedded_Sharpest_FishIndex82_Single1_Right.jpg,1,1,1,0.7648991422531755
2023_BITS4q_HER_UsteckoLebskie_Embedded_Sharpest_FishIndex89_Single1_Left.jpg,4,4,4,3.003872392253175
2023_BITS4q_HER_UsteckoLebskie_Embedded_Sharpest_FishIndex89_Single2_Right.jpg,4,4,4,3.3851580172531746
2023_BITS4q_HER_Wladyslawowskie_Embedded_Sharpest_FishIndex106_Single1_Left.jpg,10,8,8,7.118812454753175
2023_BITS4q_HER_Wladyslawowskie_Embedded_Sharpest_FishIndex106_Single2_Right.jpg,10,7,8,6.1610995172531755
2023_BITS4q_HER_Wladyslawowskie_Embedded_Sharpest_FishIndex11_Single1_Left.jpg,0,0,0,-7.751359045246825
2023_BITS4q_HER_Wladyslawowskie_Embedded_Sharpest_FishIndex11_Single2_Right.jpg,0,0,0,-8.730922920246824
2023_BITS4q_HER_Wladyslawowskie_Embedded_Sharpest_FishIndex126_Single1_Left.jpg,1,1,1,0.03237426725317538
2023_BITS4q_HER_Wladyslawowskie_Embedded_Sharpest_FishIndex126_Single2_Right.jpg,1,1,1,0.5379845172531753
2023_BITS4q_HER_Wladyslawowskie_Embedded_Sharpest_FishIndex12_Single1_Right.jpg,0,0,0,-9.234464670246826
2023_BITS4q_HER_Wladyslawowskie_Embedded_Sharpest_FishIndex137_Single1_Right.jpg,12,10,9,8.663002017253174
2023_BITS4q_HER_Wladyslawowskie_Embedded_Sharpest_FishIndex137_Single2_Left.jpg,12,10,9,8.537635954753176
2023_BITS4q_HER_Wladyslawowskie_Embedded_Sharpest_FishIndex20_Single1_Right.jpg,0,0,0,-7.647758670246824
2023_BITS4q_HER_Wladyslawowskie_Embedded_Sharpest_FishIndex20_Single2_Left.jpg,0,0,0,-7.963951732746826
2023_BITS4q_HER_Wladyslawowskie_Embedded_Sharpest_FishIndex25_Single1_Left.jpg,1,1,1,0.1770493922531754
2023_BITS4q_HER_Wladyslawowskie_Embedded_Sharpest_FishIndex25_Single2_Right.jpg,1,1,1,0.5182256422531755
2023_BITS4q_HER_Wladyslawowskie_Embedded_Sharpest_FishIndex33_Single1_Right.jpg,4,4,4,3.1921252047531756
2023_BITS4q_HER_Wladyslawowskie_Embedded_Sharpest_FishIndex33_Single2_Left.jpg,4,4,4,2.8969660172531757
2023_BITS4q_HER_Wladyslawowskie_Embedded_Sharpest_FishIndex50_Single1_Right.jpg,4,3,3,2.100321329753175
2023_BITS4q_HER_Wladyslawowskie_Embedded_Sharpest_FishIndex50_Single2_Left.jpg,4,4,4,2.648000892253175
2023_BITS4q_HER_Wladyslawowskie_Embedded_Sharpest_FishIndex52_Single1_Left.jpg,6,5,5,4.310666079753175
2023_BITS4q_HER_Wladyslawowskie_Embedded_Sharpest_FishIndex52_Single2_Right.jpg,6,6,6,5.006410079753175
2023_BITS4q_HER_Wladyslawowskie_Embedded_Sharpest_FishIndex53_Single1_Left.jpg,5,6,6,5.145385954753175
2023_BITS4q_HER_Wladyslawowskie_Embedded_Sharpest_FishIndex53_Single2_Right.jpg,5,7,8,6.246151017253177
2023_BITS4q_HER_Wladyslawowskie_Embedded_Sharpest_FishIndex55_Single1_Right.jpg,0,0,0,-9.552139607746826
2023_BITS4q_HER_Wladyslawowskie_Embedded_Sharpest_FishIndex55_Single2_Left.jpg,0,0,0,-8.371944795246824
2023_BITS4q_HER_Wladyslawowskie_Embedded_Sharpest_FishIndex58_Single2_Left.jpg,0,0,0,-8.494417107746823
2023_BITS4q_HER_Wladyslawowskie_Embedded_Sharpest_FishIndex74_Single1_Left.jpg,2,3,3,1.6826184547531753
2023_BITS4q_HER_Wladyslawowskie_Embedded_Sharpest_FishIndex74_Single2_Right.jpg,2,2,2,1.4000388922531757
2023_BITS4q_HER_Wladyslawowskie_Embedded_Sharpest_FishIndex8_Single1_Right.jpg,0,0,0,-8.349678420246825
2023_BITS4q_HER_Wladyslawowskie_Embedded_Sharpest_FishIndex8_Single2_Left.jpg,0,0,0,-8.519372982746823
2024_BITS1q_HER_BornholmskieS_Embedded_Sharpest_FishIndex102_Single1_Right.jpg,2,2,2,1.1236046422531754
2024_BITS1q_HER_BornholmskieS_Embedded_Sharpest_FishIndex102_Single2_Left.jpg,2,3,3,2.0719632047531755
2024_BITS1q_HER_BornholmskieS_Embedded_Sharpest_FishIndex14_Single2_Left.jpg,1,0,1,-1.0440100452468246
2024_BITS1q_HER_BornholmskieS_Embedded_Sharpest_FishIndex14_Single3_Right.jpg,1,1,1,0.4993473922531754
2024_BITS1q_HER_BornholmskieS_Embedded_Sharpest_FishIndex22_Single1_Left.jpg,6,4,4,2.844254767253175
2024_BITS1q_HER_BornholmskieS_Embedded_Sharpest_FishIndex22_Single2_Right.jpg,6,4,4,3.310738517253175
2024_BITS1q_HER_BornholmskieS_Embedded_Sharpest_FishIndex24_Single1_Right.jpg,4,3,3,2.4264517047531755
2024_BITS1q_HER_BornholmskieS_Embedded_Sharpest_FishIndex24_Single2_Left.jpg,4,4,4,2.6521500797531754
2024_BITS1q_HER_BornholmskieS_Embedded_Sharpest_FishIndex33_Single2_Left.jpg,6,3,3,1.9466239547531756
2024_BITS1q_HER_BornholmskieS_Embedded_Sharpest_FishIndex33_Single3_Right.jpg,6,2,1,0.7930834547531753
2024_BITS1q_HER_BornholmskieS_Embedded_Sharpest_FishIndex47_Single1_Left.jpg,4,5,5,3.831642079753175
2024_BITS1q_HER_BornholmskieS_Embedded_Sharpest_FishIndex47_Single2_Right.jpg,4,3,3,2.0561877672531756
2024_BITS1q_HER_BornholmskieS_Embedded_Sharpest_FishIndex49_Single1_Left.jpg,3,2,2,0.9199229547531753
2024_BITS1q_HER_BornholmskieS_Embedded_Sharpest_FishIndex49_Single2_Right.jpg,3,3,3,1.7603391422531756
2024_BITS1q_HER_BornholmskieS_Embedded_Sharpest_FishIndex50_Single1_Left.jpg,3,5,5,4.223979954753175
2024_BITS1q_HER_BornholmskieS_Embedded_Sharpest_FishIndex50_Single2_Right.jpg,3,7,7,5.8834915172531765
2024_BITS1q_HER_BornholmskieS_Embedded_Sharpest_FishIndex58_Single1_Left.jpg,4,4,4,2.9617012672531757
2024_BITS1q_HER_BornholmskieS_Embedded_Sharpest_FishIndex58_Single2_Right.jpg,4,4,4,3.4428688297531758
2024_BITS1q_HER_BornholmskieS_Embedded_Sharpest_FishIndex60_Single1_Left.jpg,5,2,2,1.1640578922531755
2024_BITS1q_HER_BornholmskieS_Embedded_Sharpest_FishIndex60_Single2_Right.jpg,5,3,3,1.7594515797531756
2024_BITS1q_HER_BornholmskieS_Embedded_Sharpest_FishIndex64_Single1_Left.jpg,2,2,2,1.3693724547531758
2024_BITS1q_HER_BornholmskieS_Embedded_Sharpest_FishIndex64_Single2_Right.jpg,2,3,3,2.0090809547531756
2024_BITS1q_HER_BornholmskieS_Embedded_Sharpest_FishIndex70_Single1_Left.jpg,3,3,3,1.958126704753175
2024_BITS1q_HER_BornholmskieS_Embedded_Sharpest_FishIndex70_Single2_Right.jpg,3,4,4,2.7614089547531755
2024_BITS1q_HER_BornholmskieS_Embedded_Sharpest_FishIndex78_Single1_Left.jpg,6,5,5,4.2926473297531755
2024_BITS1q_HER_BornholmskieS_Embedded_Sharpest_FishIndex78_Single2_Right.jpg,6,8,8,6.395045204753176
2024_BITS1q_HER_BornholmskieS_Embedded_Sharpest_FishIndex87_Single1_Left.jpg,9,10,9,8.181934267253176
2024_BITS1q_HER_BornholmskieS_Embedded_Sharpest_FishIndex87_Single2_Right.jpg,9,11,12,9.694795392253177
2024_BITS1q_HER_BornholmskieS_Embedded_Sharpest_FishIndex90_Single1_Left.jpg,3,3,3,1.908701017253175
2024_BITS1q_HER_BornholmskieS_Embedded_Sharpest_FishIndex90_Single2_Right.jpg,3,3,3,2.225981829753175
2024_BITS1q_HER_BornholmskieS_Embedded_Sharpest_FishIndex99_Single1_Right.jpg,4,5,5,4.307583392253175
2024_BITS1q_HER_GlebiaGdanska_Embedded_Sharpest_FishIndex12_Single2_Right.jpg,1,0,1,-0.09813298274682461
2024_BITS1q_HER_GlebiaGdanska_Embedded_Sharpest_FishIndex23_Single1_Right.jpg,2,2,2,1.0293492047531752
2024_BITS1q_HER_GlebiaGdanska_Embedded_Sharpest_FishIndex23_Single2_Left.jpg,2,3,3,2.0327101422531757
2024_BITS1q_HER_GlebiaGdanska_Embedded_Sharpest_FishIndex24_Single2_Right.jpg,2,3,3,1.8323440797531756
2024_BITS1q_HER_GlebiaGdanska_Embedded_Sharpest_FishIndex24_Single3_Left.jpg,2,2,2,1.099743954753175
2024_BITS1q_HER_GlebiaGdanska_Embedded_Sharpest_FishIndex29_Single1_Left.jpg,4,3,3,2.470980392253175
2024_BITS1q_HER_GlebiaGdanska_Embedded_Sharpest_FishIndex29_Single2_Right.jpg,4,3,3,2.385321517253175
2024_BITS1q_HER_GlebiaGdanska_Embedded_Sharpest_FishIndex38_Single1_Left.jpg,4,9,9,7.812285392253176
2024_BITS1q_HER_GlebiaGdanska_Embedded_Sharpest_FishIndex38_Single2_Right.jpg,4,9,9,7.627993517253175
2024_BITS1q_HER_GlebiaGdanska_Embedded_Sharpest_FishIndex41_Single3_Left.jpg,4,5,5,4.259081954753175
2024_BITS1q_HER_GlebiaGdanska_Embedded_Sharpest_FishIndex41_Single4_Right.jpg,4,4,4,3.0965065797531754
2024_BITS1q_HER_GlebiaGdanska_Embedded_Sharpest_FishIndex50_Single2_Right.jpg,1,1,1,0.7352049547531754
2024_BITS1q_HER_GlebiaGdanska_Embedded_Sharpest_FishIndex52_Single1_Left.jpg,3,3,3,2.5198940797531755
2024_BITS1q_HER_GlebiaGdanska_Embedded_Sharpest_FishIndex52_Single2_Right.jpg,3,3,3,2.5341071422531756
2024_BITS1q_HER_GlebiaGdanska_Embedded_Sharpest_FishIndex71_Single1_Right.jpg,4,5,5,3.804526204753175
2024_BITS1q_HER_GlebiaGdanska_Embedded_Sharpest_FishIndex71_Single2_Left.jpg,4,3,3,2.2608563297531754
2024_BITS1q_HER_GlebiaGdanska_Embedded_Sharpest_FishIndex77_Single1_Right.jpg,0,0,0,-7.133301670246823
2024_BITS1q_HER_GlebiaGdanska_Embedded_Sharpest_FishIndex77_Single2_Left.jpg,0,0,0,-6.947567670246824
2024_BITS1q_HER_GlebiaGdanska_Embedded_Sharpest_FishIndex85_Single1_Right.jpg,4,5,4,3.6667433297531753
2024_BITS1q_HER_GlebiaGdanska_Embedded_Sharpest_FishIndex85_Single2_Left.jpg,4,4,4,2.668860454753175
2024_BITS1q_HER_GlebiaGdanska_Embedded_Sharpest_FishIndex90_Single1_Right.jpg,14,9,9,7.5446869547531765
2024_BITS1q_HER_GlebiaGdanska_Embedded_Sharpest_FishIndex90_Single2_Left.jpg,14,11,9,9.337919142253174
2024_BITS1q_HER_GlebiaGdanska_Embedded_Sharpest_FishIndex95_Single1_Left.jpg,3,4,4,2.7473372672531755
2024_BITS1q_HER_GlebiaGdanska_Embedded_Sharpest_FishIndex95_Single2_Right.jpg,3,4,4,2.966397204753176
2024_BITS1q_HER_KolobrzeskoDarlowskie_Embedded_Sharpest_FishIndex102_Single1_Right.jpg,0,0,0,-7.204936420246823
2024_BITS1q_HER_KolobrzeskoDarlowskie_Embedded_Sharpest_FishIndex107_Single1_Right.jpg,12,9,9,8.018526079753176
2024_BITS1q_HER_KolobrzeskoDarlowskie_Embedded_Sharpest_FishIndex107_Single2_Left.jpg,12,10,9,8.875237454753176
2024_BITS1q_HER_KolobrzeskoDarlowskie_Embedded_Sharpest_FishIndex108_Single1_Right.jpg,4,4,4,2.980841579753175
2024_BITS1q_HER_KolobrzeskoDarlowskie_Embedded_Sharpest_FishIndex108_Single2_Left.jpg,4,4,4,2.736825954753175
2024_BITS1q_HER_KolobrzeskoDarlowskie_Embedded_Sharpest_FishIndex109_Single1_Right.jpg,10,9,9,7.730130767253175
2024_BITS1q_HER_KolobrzeskoDarlowskie_Embedded_Sharpest_FishIndex109_Single2_Left.jpg,10,9,9,7.954064329753175
2024_BITS1q_HER_KolobrzeskoDarlowskie_Embedded_Sharpest_FishIndex116_Single1_Left.jpg,0,0,0,-8.588873920246822
2024_BITS1q_HER_KolobrzeskoDarlowskie_Embedded_Sharpest_FishIndex116_Single2_Right.jpg,0,0,0,-7.574416107746825
2024_BITS1q_HER_KolobrzeskoDarlowskie_Embedded_Sharpest_FishIndex132_Single1_Right.jpg,0,0,0,-4.071291982746825
2024_BITS1q_HER_KolobrzeskoDarlowskie_Embedded_Sharpest_FishIndex132_Single2_Left.jpg,0,0,0,-7.6109104202468245
2024_BITS1q_HER_KolobrzeskoDarlowskie_Embedded_Sharpest_FishIndex138_Single1_Left.jpg,4,3,3,2.2283553297531746
2024_BITS1q_HER_KolobrzeskoDarlowskie_Embedded_Sharpest_FishIndex138_Single2_Right.jpg,4,3,3,2.249311454753175
2024_BITS1q_HER_KolobrzeskoDarlowskie_Embedded_Sharpest_FishIndex155_Single1_Left.jpg,0,0,0,-9.255670607746824
2024_BITS1q_HER_KolobrzeskoDarlowskie_Embedded_Sharpest_FishIndex155_Single2_Right.jpg,0,0,0,-8.077865857746826
2024_BITS1q_HER_KolobrzeskoDarlowskie_Embedded_Sharpest_FishIndex159_Single1_Left.jpg,8,10,9,8.262754392253175
2024_BITS1q_HER_KolobrzeskoDarlowskie_Embedded_Sharpest_FishIndex159_Single2_Right.jpg,8,7,7,5.9596890797531765
2024_BITS1q_HER_KolobrzeskoDarlowskie_Embedded_Sharpest_FishIndex160_Single1_Right.jpg,8,5,5,4.1861897047531755
2024_BITS1q_HER_KolobrzeskoDarlowskie_Embedded_Sharpest_FishIndex160_Single2_Left.jpg,8,6,6,5.050144767253175
2024_BITS1q_HER_KolobrzeskoDarlowskie_Embedded_Sharpest_FishIndex164_Single2_Left.jpg,5,6,6,4.895933079753175
2024_BITS1q_HER_KolobrzeskoDarlowskie_Embedded_Sharpest_FishIndex167_Single1_Left.jpg,4,8,8,6.674504204753175
2024_BITS1q_HER_KolobrzeskoDarlowskie_Embedded_Sharpest_FishIndex167_Single2_Right.jpg,4,8,8,6.917619767253176
2024_BITS1q_HER_KolobrzeskoDarlowskie_Embedded_Sharpest_FishIndex171_Single1_Left.jpg,6,10,9,8.132814267253176
2024_BITS1q_HER_KolobrzeskoDarlowskie_Embedded_Sharpest_FishIndex171_Single2_Right.jpg,6,8,8,6.6387377672531755
2024_BITS1q_HER_KolobrzeskoDarlowskie_Embedded_Sharpest_FishIndex20_Single1_Right.jpg,2,1,1,0.2185899547531753
2024_BITS1q_HER_KolobrzeskoDarlowskie_Embedded_Sharpest_FishIndex20_Single2_Left.jpg,2,1,1,0.5460881422531754
2024_BITS1q_HER_KolobrzeskoDarlowskie_Embedded_Sharpest_FishIndex35_Single1_Left.jpg,6,4,4,3.322739079753175
2024_BITS1q_HER_KolobrzeskoDarlowskie_Embedded_Sharpest_FishIndex35_Single2_Right.jpg,6,5,5,4.383664079753176
2024_BITS1q_HER_KolobrzeskoDarlowskie_Embedded_Sharpest_FishIndex39_Single1_Left.jpg,2,3,3,1.9875408297531751
2024_BITS1q_HER_KolobrzeskoDarlowskie_Embedded_Sharpest_FishIndex39_Single2_Right.jpg,2,4,4,2.8213652672531753
2024_BITS1q_HER_KolobrzeskoDarlowskie_Embedded_Sharpest_FishIndex44_Single1_Left.jpg,4,3,3,2.0405121422531756
2024_BITS1q_HER_KolobrzeskoDarlowskie_Embedded_Sharpest_FishIndex44_Single2_Right.jpg,4,2,2,1.3535692047531753
2024_BITS1q_HER_KolobrzeskoDarlowskie_Embedded_Sharpest_FishIndex54_Single1_Left.jpg,3,5,4,3.6950878922531754
2024_BITS1q_HER_KolobrzeskoDarlowskie_Embedded_Sharpest_FishIndex54_Single2_Right.jpg,3,4,4,2.7452798922531754
2024_BITS1q_HER_KolobrzeskoDarlowskie_Embedded_Sharpest_FishIndex58_Single1_Left.jpg,5,4,4,2.9409970797531755
2024_BITS1q_HER_KolobrzeskoDarlowskie_Embedded_Sharpest_FishIndex58_Single2_Right.jpg,5,3,3,2.1234449547531753
2024_BITS1q_HER_KolobrzeskoDarlowskie_Embedded_Sharpest_FishIndex63_Single1_Right.jpg,4,6,6,4.629634954753175
2024_BITS1q_HER_KolobrzeskoDarlowskie_Embedded_Sharpest_FishIndex63_Single2_Left.jpg,4,5,5,3.7665900172531757
2024_BITS1q_HER_KolobrzeskoDarlowskie_Embedded_Sharpest_FishIndex67_Single1_Right.jpg,0,0,0,-5.7547524827468255
2024_BITS1q_HER_KolobrzeskoDarlowskie_Embedded_Sharpest_FishIndex67_Single2_Left.jpg,0,0,0,-7.1247877327468245
2024_BITS1q_HER_KolobrzeskoDarlowskie_Embedded_Sharpest_FishIndex6_Single1_Right.jpg,6,4,4,3.422046454753176
2024_BITS1q_HER_KolobrzeskoDarlowskie_Embedded_Sharpest_FishIndex6_Single2_Left.jpg,6,5,5,3.7487530797531763
2024_BITS1q_HER_KolobrzeskoDarlowskie_Embedded_Sharpest_FishIndex73_Single1_Left.jpg,4,4,4,3.1907235797531754
2024_BITS1q_HER_KolobrzeskoDarlowskie_Embedded_Sharpest_FishIndex73_Single2_Right.jpg,4,3,3,2.214421204753176
2024_BITS1q_HER_KolobrzeskoDarlowskie_Embedded_Sharpest_FishIndex78_Single1_Left.jpg,5,6,6,4.845537142253176
2024_BITS1q_HER_KolobrzeskoDarlowskie_Embedded_Sharpest_FishIndex78_Single2_Right.jpg,5,6,7,5.223346142253176
2024_BITS1q_HER_KolobrzeskoDarlowskie_Embedded_Sharpest_FishIndex79_Single1_Left.jpg,0,0,0,-4.732759420246825
2024_BITS1q_HER_KolobrzeskoDarlowskie_Embedded_Sharpest_FishIndex79_Single2_Right.jpg,0,0,0,-7.400857982746824
2024_BITS1q_HER_KolobrzeskoDarlowskie_Embedded_Sharpest_FishIndex80_Single1_Left.jpg,0,0,0,-7.995326045246824
2024_BITS1q_HER_KolobrzeskoDarlowskie_Embedded_Sharpest_FishIndex80_Single2_Right.jpg,0,0,0,-7.608746357746826
2024_BITS1q_HER_KolobrzeskoDarlowskie_Embedded_Sharpest_FishIndex8_Single1_Right.jpg,3,5,4,3.651978767253175
2024_BITS1q_HER_KolobrzeskoDarlowskie_Embedded_Sharpest_FishIndex8_Single2_Left.jpg,3,5,5,4.224935517253175
2024_BITS1q_HER_KolobrzeskoDarlowskie_Embedded_Sharpest_FishIndex93_Single1_Left.jpg,9,5,4,3.7120263297531753
2024_BITS1q_HER_KolobrzeskoDarlowskie_Embedded_Sharpest_FishIndex93_Single2_Right.jpg,9,6,6,5.050290079753175
2024_BITS1q_HER_RynnaSlupska_Embedded_Sharpest_FishIndex102_Single1_Left.jpg,9,5,4,3.588808454753176
2024_BITS1q_HER_RynnaSlupska_Embedded_Sharpest_FishIndex102_Single2_Right.jpg,9,5,5,4.060991204753176
2024_BITS1q_HER_RynnaSlupska_Embedded_Sharpest_FishIndex114_Single1_Left.jpg,5,7,8,6.0927805797531756
2024_BITS1q_HER_RynnaSlupska_Embedded_Sharpest_FishIndex114_Single2_Right.jpg,5,8,8,6.602079954753174
2024_BITS1q_HER_RynnaSlupska_Embedded_Sharpest_FishIndex118_Single1_Left.jpg,1,1,1,-0.0059939202468248035
2024_BITS1q_HER_RynnaSlupska_Embedded_Sharpest_FishIndex118_Single2_Right.jpg,1,1,1,0.18255039225317546
2024_BITS1q_HER_RynnaSlupska_Embedded_Sharpest_FishIndex11_Single1_Left.jpg,4,4,4,2.8450555172531757
2024_BITS1q_HER_RynnaSlupska_Embedded_Sharpest_FishIndex11_Single2_Right.jpg,4,4,4,2.635302454753175
2024_BITS1q_HER_RynnaSlupska_Embedded_Sharpest_FishIndex32_Single1_Left.jpg,2,3,3,2.4387894547531754
2024_BITS1q_HER_RynnaSlupska_Embedded_Sharpest_FishIndex32_Single2_Right.jpg,2,3,3,2.2494554547531753
2024_BITS1q_HER_RynnaSlupska_Embedded_Sharpest_FishIndex41_Single1_Left.jpg,0,0,0,-5.313311607746824
2024_BITS1q_HER_RynnaSlupska_Embedded_Sharpest_FishIndex41_Single2_Right.jpg,0,0,0,-8.596299107746823
2024_BITS1q_HER_RynnaSlupska_Embedded_Sharpest_FishIndex5_Single1_Right.jpg,1,2,2,1.353972704753175
2024_BITS1q_HER_RynnaSlupska_Embedded_Sharpest_FishIndex5_Single2_Left.jpg,1,2,2,1.4402601422531753
2024_BITS1q_HER_RynnaSlupska_Embedded_Sharpest_FishIndex68_Single1_Left.jpg,2,2,2,1.0552110797531755
2024_BITS1q_HER_RynnaSlupska_Embedded_Sharpest_FishIndex73_Single1_Left.jpg,6,4,4,3.474814267253175
2024_BITS1q_HER_RynnaSlupska_Embedded_Sharpest_FishIndex73_Single2_Right.jpg,6,4,4,3.1751632047531753
2024_BITS1q_HER_RynnaSlupska_Embedded_Sharpest_FishIndex78_Single1_Left.jpg,7,7,8,6.071973954753176
2024_BITS1q_HER_RynnaSlupska_Embedded_Sharpest_FishIndex78_Single2_Right.jpg,7,6,6,4.807725954753176
2024_BITS1q_HER_RynnaSlupska_Embedded_Sharpest_FishIndex93_Single1_Right.jpg,1,0,1,-0.5391056702468247
2024_BITS1q_HER_RynnaSlupska_Embedded_Sharpest_FishIndex93_Single2_Left.jpg,1,0,1,-0.39080754524682454
2024_BITS1q_HER_RynnaSlupska_Embedded_Sharpest_FishIndex94_Single1_Left.jpg,0,0,1,-1.1965579827468247
2024_BITS1q_HER_RynnaSlupska_Embedded_Sharpest_FishIndex94_Single2_Right.jpg,0,0,1,-0.03274910774682469
2024_BITS1q_HER_RynnaSlupska_Embedded_Sharpest_FishIndex98_Single1_Left.jpg,1,1,1,0.4917132672531753
2024_BITS1q_HER_RynnaSlupska_Embedded_Sharpest_FishIndex98_Single2_Right.jpg,1,1,1,0.00865926725317547
2024_BITS1q_HER_RynnaSlupska_Embedded_Sharpest_FishIndex99_Single1_Right.jpg,1,1,1,0.6828113922531754
2024_BITS1q_HER_RynnaSlupska_Embedded_Sharpest_FishIndex99_Single2_Left.jpg,1,0,1,-0.24723329524682458
2024_BITS1q_HER_UsteckoLebskie_Embedded_Sharpest_FishIndex104_Single1_Left.jpg,6,0,1,-0.22461060774682473
2024_BITS1q_HER_UsteckoLebskie_Embedded_Sharpest_FishIndex104_Single2_Right.jpg,6,1,1,0.5129403297531753
2024_BITS1q_HER_UsteckoLebskie_Embedded_Sharpest_FishIndex117_Single1_Right.jpg,5,5,5,3.7859105797531756
2024_BITS1q_HER_UsteckoLebskie_Embedded_Sharpest_FishIndex117_Single2_Left.jpg,5,5,5,4.086804329753176
2024_BITS1q_HER_UsteckoLebskie_Embedded_Sharpest_FishIndex119_Single2_Left.jpg,4,4,4,3.151448267253176
2024_BITS1q_HER_UsteckoLebskie_Embedded_Sharpest_FishIndex119_Single3_Right.jpg,4,4,4,3.1195950172531752
2024_BITS1q_HER_UsteckoLebskie_Embedded_Sharpest_FishIndex133_Single1_Right.jpg,1,1,1,0.14928132975317537
2024_BITS1q_HER_UsteckoLebskie_Embedded_Sharpest_FishIndex133_Single2_Left.jpg,1,0,1,-0.18350104524682462
2024_BITS1q_HER_UsteckoLebskie_Embedded_Sharpest_FishIndex13_Single1_Left.jpg,0,0,0,-7.280752170246824
2024_BITS1q_HER_UsteckoLebskie_Embedded_Sharpest_FishIndex13_Single2_Right.jpg,0,0,0,-7.233323107746825
2024_BITS1q_HER_UsteckoLebskie_Embedded_Sharpest_FishIndex14_Single2_Left.jpg,3,2,2,1.458784142253176
2024_BITS1q_HER_UsteckoLebskie_Embedded_Sharpest_FishIndex14_Single3_Right.jpg,3,3,3,1.8953408922531754
2024_BITS1q_HER_UsteckoLebskie_Embedded_Sharpest_FishIndex19_Single1_Left.jpg,2,2,2,1.2989445172531755
2024_BITS1q_HER_UsteckoLebskie_Embedded_Sharpest_FishIndex19_Single2_Right.jpg,2,2,2,0.8828200172531753
2024_BITS1q_HER_UsteckoLebskie_Embedded_Sharpest_FishIndex21_Single1_Left.jpg,1,2,1,0.7992870172531754
2024_BITS1q_HER_UsteckoLebskie_Embedded_Sharpest_FishIndex21_Single2_Right.jpg,1,1,1,0.30348495475317544
2024_BITS1q_HER_UsteckoLebskie_Embedded_Sharpest_FishIndex22_Single1_Right.jpg,4,2,2,1.0387992047531753
2024_BITS1q_HER_UsteckoLebskie_Embedded_Sharpest_FishIndex22_Single2_Left.jpg,4,3,3,1.8180635797531752
2024_BITS1q_HER_UsteckoLebskie_Embedded_Sharpest_FishIndex28_Single1_Left.jpg,5,3,3,2.483975329753176
2024_BITS1q_HER_UsteckoLebskie_Embedded_Sharpest_FishIndex28_Single2_Right.jpg,5,4,4,3.0826820797531753
2024_BITS1q_HER_UsteckoLebskie_Embedded_Sharpest_FishIndex36_Single1_Left.jpg,4,5,5,4.094743142253176
2024_BITS1q_HER_UsteckoLebskie_Embedded_Sharpest_FishIndex36_Single2_Right.jpg,4,4,4,2.859649642253175
2024_BITS1q_HER_UsteckoLebskie_Embedded_Sharpest_FishIndex3_Single1_Left.jpg,0,0,0,-8.843681670246824
2024_BITS1q_HER_UsteckoLebskie_Embedded_Sharpest_FishIndex3_Single2_Right.jpg,0,0,0,-8.742490670246823
2024_BITS1q_HER_UsteckoLebskie_Embedded_Sharpest_FishIndex42_Single1_Left.jpg,4,9,8,7.3042401422531755
2024_BITS1q_HER_UsteckoLebskie_Embedded_Sharpest_FishIndex42_Single2_Right.jpg,4,8,8,7.014275454753174
2024_BITS1q_HER_UsteckoLebskie_Embedded_Sharpest_FishIndex46_Single1_Left.jpg,4,4,4,3.179319267253175
2024_BITS1q_HER_UsteckoLebskie_Embedded_Sharpest_FishIndex46_Single2_Right.jpg,4,4,4,3.181049892253175
2024_BITS1q_HER_UsteckoLebskie_Embedded_Sharpest_FishIndex52_Single1_Right.jpg,3,8,8,6.349882579753176
2024_BITS1q_HER_UsteckoLebskie_Embedded_Sharpest_FishIndex52_Single2_Left.jpg,3,5,5,4.064381579753175
2024_BITS1q_HER_UsteckoLebskie_Embedded_Sharpest_FishIndex54_Single1_Left.jpg,4,5,5,4.085064954753176
2024_BITS1q_HER_UsteckoLebskie_Embedded_Sharpest_FishIndex54_Single2_Right.jpg,4,5,6,4.446170329753175
2024_BITS1q_HER_UsteckoLebskie_Embedded_Sharpest_FishIndex57_Single1_Right.jpg,4,4,4,3.3333940172531755
2024_BITS1q_HER_UsteckoLebskie_Embedded_Sharpest_FishIndex57_Single2_Left.jpg,4,3,3,2.508897954753175
2024_BITS1q_HER_UsteckoLebskie_Embedded_Sharpest_FishIndex61_Single1_Left.jpg,5,6,6,5.004487017253176
2024_BITS1q_HER_UsteckoLebskie_Embedded_Sharpest_FishIndex61_Single2_Right.jpg,5,6,7,5.360259017253175
2024_BITS1q_HER_UsteckoLebskie_Embedded_Sharpest_FishIndex69_Single1_Right.jpg,0,0,0,-7.027214232746825
2024_BITS1q_HER_UsteckoLebskie_Embedded_Sharpest_FishIndex69_Single2_Left.jpg,0,0,0,-6.7481614202468245
2024_BITS1q_HER_UsteckoLebskie_Embedded_Sharpest_FishIndex77_Single2_Right.jpg,0,0,0,-8.041818545246823
2024_BITS1q_HER_UsteckoLebskie_Embedded_Sharpest_FishIndex77_Single3_Left.jpg,0,0,0,-8.626156670246823
2024_BITS1q_HER_UsteckoLebskie_Embedded_Sharpest_FishIndex81_Single1_Right.jpg,0,0,0,-6.832368232746823
2024_BITS1q_HER_UsteckoLebskie_Embedded_Sharpest_FishIndex81_Single2_Left.jpg,0,0,0,-8.134208920246826
2024_BITS1q_HER_UsteckoLebskie_Embedded_Sharpest_FishIndex86_Single1_Right.jpg,0,0,0,-6.627696045246824
2024_BITS1q_HER_UsteckoLebskie_Embedded_Sharpest_FishIndex86_Single2_Left.jpg,0,0,0,-6.542660982746824
2024_BITS1q_HER_UsteckoLebskie_Embedded_Sharpest_FishIndex96_Single1_Right.jpg,0,0,0,-7.486474420246824
2024_BITS1q_HER_UsteckoLebskie_Embedded_Sharpest_FishIndex96_Single2_Left.jpg,0,0,0,-7.037350545246825
2024_BITS1q_HER_Wladyslawowskie_Embedded_Sharpest_FishIndex100_Single1_Left.jpg,0,0,0,-6.378051920246824
2024_BITS1q_HER_Wladyslawowskie_Embedded_Sharpest_FishIndex100_Single2_Right.jpg,0,0,0,-7.435764545246825
2024_BITS1q_HER_Wladyslawowskie_Embedded_Sharpest_FishIndex102_Single2_Right.jpg,0,0,0,-4.0988908577468255
2024_BITS1q_HER_Wladyslawowskie_Embedded_Sharpest_FishIndex111_Single1_Right.jpg,6,3,3,2.070137954753176
2024_BITS1q_HER_Wladyslawowskie_Embedded_Sharpest_FishIndex111_Single2_Left.jpg,6,5,5,3.8468322047531758
2024_BITS1q_HER_Wladyslawowskie_Embedded_Sharpest_FishIndex113_Single1_Right.jpg,1,1,1,0.04936114225317541
2024_BITS1q_HER_Wladyslawowskie_Embedded_Sharpest_FishIndex113_Single2_Left.jpg,1,0,1,-0.6674499827468245
2024_BITS1q_HER_Wladyslawowskie_Embedded_Sharpest_FishIndex119_Single1_Left.jpg,0,0,0,-5.419432607746823
2024_BITS1q_HER_Wladyslawowskie_Embedded_Sharpest_FishIndex119_Single2_Right.jpg,0,0,0,-9.145208420246824
2024_BITS1q_HER_Wladyslawowskie_Embedded_Sharpest_FishIndex134_Single1_Right.jpg,3,3,3,2.2786740797531753
2024_BITS1q_HER_Wladyslawowskie_Embedded_Sharpest_FishIndex134_Single2_Left.jpg,3,2,2,1.4830887672531756
2024_BITS1q_HER_Wladyslawowskie_Embedded_Sharpest_FishIndex1_Single1_Left.jpg,3,3,3,2.1435388922531753
2024_BITS1q_HER_Wladyslawowskie_Embedded_Sharpest_FishIndex1_Single2_Right.jpg,3,4,4,2.7416463297531752
2024_BITS1q_HER_Wladyslawowskie_Embedded_Sharpest_FishIndex26_Single1_Right.jpg,8,7,8,6.087722954753176
2024_BITS1q_HER_Wladyslawowskie_Embedded_Sharpest_FishIndex26_Single2_Left.jpg,8,7,8,6.272478079753175
2024_BITS1q_HER_Wladyslawowskie_Embedded_Sharpest_FishIndex37_Single1_Left.jpg,5,5,4,3.7066528297531756
2024_BITS1q_HER_Wladyslawowskie_Embedded_Sharpest_FishIndex37_Single2_Right.jpg,5,4,4,2.9619101422531755
2024_BITS1q_HER_Wladyslawowskie_Embedded_Sharpest_FishIndex3_Single1_Right.jpg,3,2,2,1.2170420797531754
2024_BITS1q_HER_Wladyslawowskie_Embedded_Sharpest_FishIndex3_Single2_Left.jpg,3,3,3,2.1666060797531763
2024_BITS1q_HER_Wladyslawowskie_Embedded_Sharpest_FishIndex46_Single1_Left.jpg,0,0,0,-6.216094045246825
2024_BITS1q_HER_Wladyslawowskie_Embedded_Sharpest_FishIndex53_Single1_Left.jpg,2,2,2,1.2049366422531753
2024_BITS1q_HER_Wladyslawowskie_Embedded_Sharpest_FishIndex54_Single1_Left.jpg,1,1,1,0.7747643922531753
2024_BITS1q_HER_Wladyslawowskie_Embedded_Sharpest_FishIndex54_Single2_Right.jpg,1,2,2,1.1990229547531754
2024_BITS1q_HER_Wladyslawowskie_Embedded_Sharpest_FishIndex61_Single1_Left.jpg,2,0,1,-0.06664479524682473
2024_BITS1q_HER_Wladyslawowskie_Embedded_Sharpest_FishIndex61_Single2_Right.jpg,2,1,1,0.2701920797531755
2024_BITS1q_HER_Wladyslawowskie_Embedded_Sharpest_FishIndex63_Single1_Right.jpg,6,0,1,-0.2596592327468246
2024_BITS1q_HER_Wladyslawowskie_Embedded_Sharpest_FishIndex63_Single2_Left.jpg,6,1,1,0.03371807975317539
2024_BITS1q_HER_Wladyslawowskie_Embedded_Sharpest_FishIndex73_Single1_Left.jpg,7,6,7,5.161617204753175
2024_BITS1q_HER_Wladyslawowskie_Embedded_Sharpest_FishIndex73_Single2_Right.jpg,7,5,5,3.8070764547531755
2024_BITS1q_HER_Wladyslawowskie_Embedded_Sharpest_FishIndex76_Single1_Right.jpg,2,3,3,1.8374729547531752
2024_BITS1q_HER_Wladyslawowskie_Embedded_Sharpest_FishIndex8_Single1_Right.jpg,5,5,4,3.6699380797531753
2024_BITS1q_HER_Wladyslawowskie_Embedded_Sharpest_FishIndex8_Single2_Left.jpg,5,5,4,3.5810798297531754
2024_BITS1q_HER_Wladyslawowskie_Embedded_Sharpest_FishIndex9_Single1_Right.jpg,4,3,3,1.7600818297531755
2024_BITS1q_HER_Wladyslawowskie_Embedded_Sharpest_FishIndex9_Single2_Left.jpg,4,4,4,2.6611407047531754
2024_BITS1q_HER_ZatokaGdanska_Embedded_Sharpest_FishIndex100_Single1_Left.jpg,6,5,6,4.451727392253175
2024_BITS1q_HER_ZatokaGdanska_Embedded_Sharpest_FishIndex100_Single2_Right.jpg,6,5,4,3.6163654547531765
2024_BITS1q_HER_ZatokaGdanska_Embedded_Sharpest_FishIndex103_Single1_Left.jpg,1,0,0,-3.460131170246825
2024_BITS1q_HER_ZatokaGdanska_Embedded_Sharpest_FishIndex103_Single2_Right.jpg,1,0,0,-3.0429485452468246
2024_BITS1q_HER_ZatokaGdanska_Embedded_Sharpest_FishIndex105_Single1_Left.jpg,1,0,1,-0.7604671702468248
2024_BITS1q_HER_ZatokaGdanska_Embedded_Sharpest_FishIndex105_Single2_Right.jpg,1,1,1,0.7001260797531754
2024_BITS1q_HER_ZatokaGdanska_Embedded_Sharpest_FishIndex107_Single1_Right.jpg,2,2,1,0.8395586422531753
2024_BITS1q_HER_ZatokaGdanska_Embedded_Sharpest_FishIndex107_Single2_Left.jpg,2,2,2,0.9255949547531753
2024_BITS1q_HER_ZatokaGdanska_Embedded_Sharpest_FishIndex10_Single1_Left.jpg,0,0,0,-6.743400670246824
2024_BITS1q_HER_ZatokaGdanska_Embedded_Sharpest_FishIndex10_Single2_Right.jpg,0,0,0,-9.336300170246826
2024_BITS1q_HER_ZatokaGdanska_Embedded_Sharpest_FishIndex124_Single1_Left.jpg,7,5,5,3.7551970172531752
2024_BITS1q_HER_ZatokaGdanska_Embedded_Sharpest_FishIndex124_Single2_Right.jpg,7,4,4,3.091201267253175
2024_BITS1q_HER_ZatokaGdanska_Embedded_Sharpest_FishIndex126_Single1_Right.jpg,4,5,5,3.927282267253175
2024_BITS1q_HER_ZatokaGdanska_Embedded_Sharpest_FishIndex126_Single2_Left.jpg,4,4,4,3.5252409547531753
2024_BITS1q_HER_ZatokaGdanska_Embedded_Sharpest_FishIndex132_Single1_Right.jpg,4,5,5,4.288200329753176
2024_BITS1q_HER_ZatokaGdanska_Embedded_Sharpest_FishIndex132_Single2_Left.jpg,4,5,5,4.139458704753175
2024_BITS1q_HER_ZatokaGdanska_Embedded_Sharpest_FishIndex135_Single1_Right.jpg,0,0,0,-5.558731670246824
2024_BITS1q_HER_ZatokaGdanska_Embedded_Sharpest_FishIndex135_Single2_Left.jpg,0,0,0,-7.439348795246825
2024_BITS1q_HER_ZatokaGdanska_Embedded_Sharpest_FishIndex145_Single1_Left.jpg,4,4,4,3.2982474547531755
2024_BITS1q_HER_ZatokaGdanska_Embedded_Sharpest_FishIndex145_Single2_Right.jpg,4,5,5,4.206257392253175
2024_BITS1q_HER_ZatokaGdanska_Embedded_Sharpest_FishIndex147_Single1_Left.jpg,4,5,5,3.968468829753176
2024_BITS1q_HER_ZatokaGdanska_Embedded_Sharpest_FishIndex147_Single2_Right.jpg,4,4,4,3.398774579753175
2024_BITS1q_HER_ZatokaGdanska_Embedded_Sharpest_FishIndex153_Single1_Left.jpg,4,3,3,1.936079079753176
2024_BITS1q_HER_ZatokaGdanska_Embedded_Sharpest_FishIndex153_Single2_Right.jpg,4,4,4,3.2113290172531754
2024_BITS1q_HER_ZatokaGdanska_Embedded_Sharpest_FishIndex168_Single2_Left.jpg,4,3,3,2.3163632672531755
2024_BITS1q_HER_ZatokaGdanska_Embedded_Sharpest_FishIndex168_Single3_Right.jpg,4,5,5,4.059876517253175
2024_BITS1q_HER_ZatokaGdanska_Embedded_Sharpest_FishIndex170_Single1_Left.jpg,11,12,12,10.129464079753177
2024_BITS1q_HER_ZatokaGdanska_Embedded_Sharpest_FishIndex17_Single1_Left.jpg,0,0,0,-4.313757982746824
2024_BITS1q_HER_ZatokaGdanska_Embedded_Sharpest_FishIndex17_Single2_Right.jpg,0,0,0,-6.618089670246825
2024_BITS1q_HER_ZatokaGdanska_Embedded_Sharpest_FishIndex21_Single1_Right.jpg,0,0,0,-6.298059482746824
2024_BITS1q_HER_ZatokaGdanska_Embedded_Sharpest_FishIndex21_Single2_Left.jpg,0,0,0,-6.672774295246824
2024_BITS1q_HER_ZatokaGdanska_Embedded_Sharpest_FishIndex33_Single1_Left.jpg,3,2,2,1.3069229547531753
2024_BITS1q_HER_ZatokaGdanska_Embedded_Sharpest_FishIndex33_Single2_Right.jpg,3,3,3,1.768282954753175
2024_BITS1q_HER_ZatokaGdanska_Embedded_Sharpest_FishIndex37_Single1_Right.jpg,4,4,4,2.9102753297531754
2024_BITS1q_HER_ZatokaGdanska_Embedded_Sharpest_FishIndex37_Single2_Left.jpg,4,4,4,2.9825390797531752
2024_BITS1q_HER_ZatokaGdanska_Embedded_Sharpest_FishIndex38_Single1_Right.jpg,2,0,1,-0.16956260774682463
2024_BITS1q_HER_ZatokaGdanska_Embedded_Sharpest_FishIndex38_Single2_Left.jpg,2,2,2,1.3363568297531754
2024_BITS1q_HER_ZatokaGdanska_Embedded_Sharpest_FishIndex45_Single1_Left.jpg,1,2,2,1.4555079547531755
2024_BITS1q_HER_ZatokaGdanska_Embedded_Sharpest_FishIndex45_Single2_Right.jpg,1,2,2,0.9890612672531754
2024_BITS1q_HER_ZatokaGdanska_Embedded_Sharpest_FishIndex46_Single1_Left.jpg,1,2,1,0.8276510172531754
2024_BITS1q_HER_ZatokaGdanska_Embedded_Sharpest_FishIndex46_Single2_Right.jpg,1,2,2,1.5552872672531752
2024_BITS1q_HER_ZatokaGdanska_Embedded_Sharpest_FishIndex52_Single1_Left.jpg,3,3,3,2.368848204753175
2024_BITS1q_HER_ZatokaGdanska_Embedded_Sharpest_FishIndex52_Single2_Right.jpg,3,3,3,1.9313001422531753
2024_BITS1q_HER_ZatokaGdanska_Embedded_Sharpest_FishIndex5_Single1_Left.jpg,0,0,0,-7.345515107746825
2024_BITS1q_HER_ZatokaGdanska_Embedded_Sharpest_FishIndex5_Single2_Right.jpg,0,0,0,-9.325411670246824
2024_BITS1q_HER_ZatokaGdanska_Embedded_Sharpest_FishIndex60_Single1_Right.jpg,4,5,5,3.8607850172531752
2024_BITS1q_HER_ZatokaGdanska_Embedded_Sharpest_FishIndex60_Single2_Left.jpg,4,5,5,3.946437329753175
2024_BITS1q_HER_ZatokaGdanska_Embedded_Sharpest_FishIndex62_Single2_Left.jpg,0,0,0,-8.009004545246825
2024_BITS1q_HER_ZatokaGdanska_Embedded_Sharpest_FishIndex62_Single3_Right.jpg,0,0,0,-9.411672607746823
2024_BITS1q_HER_ZatokaGdanska_Embedded_Sharpest_FishIndex72_Single1_Left.jpg,0,0,0,-5.509136232746824
2024_BITS1q_HER_ZatokaGdanska_Embedded_Sharpest_FishIndex72_Single2_Right.jpg,0,0,0,-5.928096920246825
2024_BITS1q_HER_ZatokaGdanska_Embedded_Sharpest_FishIndex74_Single1_Left.jpg,0,0,0,-8.924024607746823
2024_BITS1q_HER_ZatokaGdanska_Embedded_Sharpest_FishIndex74_Single2_Right.jpg,0,0,0,-7.304760920246824
2024_BITS1q_HER_ZatokaGdanska_Embedded_Sharpest_FishIndex76_Single1_Left.jpg,0,0,0,-7.823794795246824
2024_BITS1q_HER_ZatokaGdanska_Embedded_Sharpest_FishIndex76_Single2_Right.jpg,0,0,0,-8.853962232746825
2024_BITS1q_HER_ZatokaGdanska_Embedded_Sharpest_FishIndex83_Single1_Right.jpg,0,0,0,-6.606169295246825
2024_BITS1q_HER_ZatokaGdanska_Embedded_Sharpest_FishIndex83_Single2_Left.jpg,0,0,0,-7.594999357746825
2024_BITS1q_HER_ZatokaGdanska_Embedded_Sharpest_FishIndex94_Single1_Left.jpg,2,3,3,1.7983919547531753
2024_BITS1q_HER_ZatokaGdanska_Embedded_Sharpest_FishIndex94_Single2_Right.jpg,2,2,2,1.5023182672531754
2024_BITS1q_HER_ZatokaGdanska_Embedded_Sharpest_FishIndex98_Single1_Left.jpg,3,5,4,3.550507079753176
2024_BITS1q_HER_ZatokaGdanska_Embedded_Sharpest_FishIndex98_Single2_Right.jpg,3,5,5,4.351964954753175
2024_BITS4q_HER_BornholmskieS_Embedded_Sharpest_FishIndex14_Single1_Left.jpg,0,0,0,-7.204342107746825
2024_BITS4q_HER_BornholmskieS_Embedded_Sharpest_FishIndex14_Single2_Right.jpg,0,0,0,-7.034981982746825
2024_BITS4q_HER_BornholmskieS_Embedded_Sharpest_FishIndex16_Single1_Left.jpg,2,4,4,3.0391474547531754
2024_BITS4q_HER_BornholmskieS_Embedded_Sharpest_FishIndex16_Single2_Right.jpg,2,3,3,2.470709704753175
2024_BITS4q_HER_BornholmskieS_Embedded_Sharpest_FishIndex18_Single1_Left.jpg,3,8,8,6.520039517253176
2024_BITS4q_HER_BornholmskieS_Embedded_Sharpest_FishIndex18_Single2_Right.jpg,3,7,7,5.473160954753174
2024_BITS4q_HER_BornholmskieS_Embedded_Sharpest_FishIndex1_Single1_Left.jpg,0,0,0,-6.915397732746825
2024_BITS4q_HER_BornholmskieS_Embedded_Sharpest_FishIndex1_Single2_Right.jpg,0,0,0,-9.096337357746824
2024_BITS4q_HER_BornholmskieS_Embedded_Sharpest_FishIndex22_Single3_Right.jpg,2,3,3,1.9706363922531756
2024_BITS4q_HER_BornholmskieS_Embedded_Sharpest_FishIndex43_Single1_Right.jpg,5,6,7,5.426319579753175
2024_BITS4q_HER_BornholmskieS_Embedded_Sharpest_FishIndex43_Single2_Left.jpg,5,4,4,3.5180925797531755
2024_BITS4q_HER_BornholmskieS_Embedded_Sharpest_FishIndex47_Single1_Right.jpg,5,5,5,4.108593954753175
2024_BITS4q_HER_BornholmskieS_Embedded_Sharpest_FishIndex47_Single2_Left.jpg,5,7,7,5.460419142253176
2024_BITS4q_HER_BornholmskieS_Embedded_Sharpest_FishIndex49_Single1_Right.jpg,6,5,5,4.0448302047531755
2024_BITS4q_HER_BornholmskieS_Embedded_Sharpest_FishIndex49_Single2_Left.jpg,6,5,5,4.347950954753175
2024_BITS4q_HER_BornholmskieS_Embedded_Sharpest_FishIndex64_Single1_Right.jpg,7,5,5,3.7238888922531754
2024_BITS4q_HER_BornholmskieS_Embedded_Sharpest_FishIndex64_Single2_Left.jpg,7,6,6,4.525026204753175
2024_BITS4q_HER_BornholmskieS_Embedded_Sharpest_FishIndex66_Single1_Left.jpg,5,6,6,4.897596954753176
2024_BITS4q_HER_BornholmskieS_Embedded_Sharpest_FishIndex66_Single2_Right.jpg,5,4,4,2.856536329753175
2024_BITS4q_HER_BornholmskieS_Embedded_Sharpest_FishIndex67_Single1_Left.jpg,4,4,4,3.162643329753176
2024_BITS4q_HER_BornholmskieS_Embedded_Sharpest_FishIndex67_Single2_Right.jpg,4,5,4,3.6663410172531754
2024_BITS4q_HER_BornholmskieS_Embedded_Sharpest_FishIndex76_Single1_Left.jpg,5,2,3,1.6207273297531755
2024_BITS4q_HER_BornholmskieS_Embedded_Sharpest_FishIndex76_Single2_Right.jpg,5,4,4,3.147303517253175
2024_BITS4q_HER_BornholmskieS_Embedded_Sharpest_FishIndex80_Single1_Left.jpg,5,4,4,2.9090189547531757
2024_BITS4q_HER_BornholmskieS_Embedded_Sharpest_FishIndex80_Single2_Right.jpg,5,6,7,5.304982704753176
2024_BITS4q_HER_BornholmskieS_Embedded_Sharpest_FishIndex83_Single1_Right.jpg,4,4,4,3.4932519547531755
2024_BITS4q_HER_BornholmskieS_Embedded_Sharpest_FishIndex83_Single2_Left.jpg,4,5,5,3.9959097672531754
2024_BITS4q_HER_BornholmskieS_Embedded_Sharpest_FishIndex8_Single1_Right.jpg,0,0,0,-5.954755795246824
